"일자","시간","시가","고가","저가","종가","5","10","20","60","120","거래량","5","20","40","60"
"20201125","0.54166666666667","2627","2627.87","2583.41","2590.95","2612.35","2584.48","2551.82","2427.15","2400.09","314819000","627840200","607262350","540550125","503791000"
"20201125","0.375","2637.34","2642.26","2623.75","2627.51","2614.51","2579.95","2546.56","2423.64","2398.04","929289000","788647600","611761750","538013500","504417633"
"20201124","0.54166666666667","2624.13","2624.15","2610.16","2617.76","2599.71","2571.81","2539.2","2419.74","2395.81","416920000","670567400","608658850","527091675","498075467"
"20201124","0.375","2616.28","2628.52","2605.03","2622.96","2585.3","2563.95","2530.96","2416.16","2393.74","947586000","745305800","607604900","522014625","494859083"
"20201123","0.54166666666667","2601.83","2605.58","2597.48","2602.59","2570.19","2556.64","2521.89","2412.29","2391.55","530587000","617370200","613641950","509652550","487415700"
"20201123","0.375","2560.04","2604.92","2553.7","2601.74","2556.6","2550.68","2514.12","2408.97","2389.58","1118856000","644967800","608262350","502546425","482944383"
"20201120","0.54166666666667","2545.51","2554.39","2542.87","2553.5","2545.38","2544.56","2506.56","2405.68","2387.59","338888000","479373600","598912900","488973150","473984550"
"20201120","0.375","2544.06","2558.21","2539.79","2545.72","2543.91","2538.6","2499.71","2402.99","2385.73","790612000","538119800","597391250","487405550","475235200"
"20201119","0.54166666666667","2534.27","2548.95","2531.73","2547.42","2542.6","2532.18","2493.21","2400.52","2383.89","307908000","459623000","583716300","482995250","471188317"
"20201119","0.375","2536.89","2544.12","2529.53","2534.64","2543.09","2525","2486.53","2397.84","2381.86","668575000","571914600","578604300","482830625","470355650"
"20201118","0.54166666666667","2545.89","2549.23","2542.41","2545.64","2544.76","2519.15","2479.8","2395.18","2380.04","290885000","513888400","569994000","478973475","467213500"
"20201118","0.375","2548.85","2553.95","2536.78","2546.15","2543.74","2513.17","2470.38","2392.19","2377.78","632619000","627849600","573729150","478587300","466516333"
"20201117","0.54166666666667","2550.21","2551.59","2533.34","2539.15","2533.28","2506.6","2461.11","2389.27","2375.65","398128000","562229400","573158100","476206800","466184333"
"20201117","0.375","2544.12","2556.09","2536.14","2549.85","2521.75","2497.96","2451.32","2386.25","2374.16","869366000","636176800","569467250","472534025","464251867"
"20201116","0.54166666666667","2540.83","2546.37","2537.83","2543.03","2506.91","2487.14","2440.79","2383","2372.64","378444000","541947200","554155650","466376775","457786400"
"20201116","0.375","2507.46","2544.38","2507.46","2540.51","2493.54","2477.56","2428.65","2379.42","2371.02","860691000","642353000","546205750","465341450","455288967"
"20201113","0.54166666666667","2481.06","2495.77","2480.41","2493.87","2482.61","2468.56","2416.06","2375.87","2369.89","304518000","551176200","526123950","458689525","447904450"
"20201113","0.375","2470.12","2482.39","2460.96","2481.51","2479.91","2460.82","2404.72","2372.78","2369.17","767865000","663718800","526306700","457543125","445983733"
"20201112","0.54166666666667","2476.55","2484.33","2467.04","2475.62","2474.17","2454.24","2395.46","2369.92","2368.51","398218000","589314000","512284050","454885075","440131017"
"20201112","0.375","2482.68","2488.79","2471.07","2476.18","2467.37","2448.06","2388.01","2366.64","2368.19","880473000","723335800","500695150","453418800","437553033"
"20201111","0.54166666666667","2479.57","2488.04","2477.22","2485.87","2461.58","2440.44","2379.3","2363.48","2367.99","404807000","631840200","473837900","452055325","430452183"
"20201111","0.375","2459.5","2482.88","2459.5","2480.37","2454.5","2427.59","2372.27","2359.92","2367.55","867231000","737252200","464265250","450745575","427631167"
"20201110","0.54166666666667","2441.4","2453.67","2440.5","2452.83","2441.73","2415.62","2364.66","2356.68","2367","395841000","625497000","445524500","442783775","421166233"
"20201110","0.375","2453.95","2457.94","2435.59","2441.62","2434.31","2404.67","2358.56","2354.69","2366.71","1068327000","649751400","436424350","438486175","418269483"
"20201109","0.54166666666667","2450.3","2455.78","2441.14","2447.2","2428.74","2394.44","2353.54","2352.68","2366.57","422995000","477219600","405663150","424302575","409014117"
"20201109","0.375","2438.63","2459.15","2434.52","2450.49","2419.31","2379.74","2348.37","2350.77","2366.06","931867000","491894400","396830500","420285400","406993117"
"20201106","0.54166666666667","2416.08","2417.97","2404.97","2416.5","2400.67","2363.56","2343.49","2349.05","2365.49","308455000","378638600","379033400","411520375","403950217"
"20201106","0.375","2421.79","2431.11","2407.46","2415.74","2389.51","2348.62","2340.71","2348.6","2364.95","517113000","441187200","377419850","414157175","406910750"
"20201105","0.54166666666667","2399.67","2413.79","2395.35","2413.79","2375.03","2336.68","2338.15","2348.47","2364.31","205668000","402626800","382274200","414924325","407557300"
"20201105","0.375","2373.41","2400.41","2370.85","2400.02","2360.14","2327.97","2335.21","2348.45","2363.72","496369000","474120000","387056950","416231325","408877767"
"20201104","0.54166666666667","2361.62","2364.11","2350.74","2357.32","2340.17","2318.16","2332.58","2348.54","2363.18","365588000","418735400","387952950","415823250","408465283"
"20201104","0.375","2361.32","2371.14","2339.95","2360.7","2326.44","2316.95","2333.26","2349.35","2362.8","621198000","437428800","383445450","412909925","408592400"
"20201103","0.54166666666667","2339.61","2343.38","2327.72","2343.31","2307.73","2313.7","2333.45","2350.06","2362.36","324311000","374823800","379255500","412697450","406247850"
"20201103","0.375","2315.81","2344.77","2315.3","2339.34","2298.34","2312.45","2334.2","2351.6","2361.83","563134000","407444000","375600800","411644175","405390817"
"20201102","0.54166666666667","2289.4","2302.64","2287.91","2300.16","2295.8","2312.63","2333.96","2353.38","2361.28","219446000","328105200","378597900","409601775","404339400"
"20201102","0.375","2276.61","2298.16","2267.95","2288.71","2296.15","2317.01","2336.29","2355.77","2360.87","459055000","352881600","384477150","409830575","404900417"
"20201030","0.54166666666667","2297.54","2305.1","2266.93","2267.15","2307.46","2323.42","2339.69","2358.34","2360.52","308173000","303741400","391255100","408794700","407197183"
"20201030","0.375","2319.56","2320.2","2296.32","2296.32","2319.66","2332.79","2343.41","2361.02","2360.37","487412000","340590000","388779550","405822250","407491600"
"20201029","0.54166666666667","2301.28","2330.17","2301.03","2326.67","2326.56","2339.62","2345.6","2363.11","2360.11","166440000","285875200","397486100","404054500","409988800"
"20201029","0.375","2312.34","2320.64","2299.91","2301.9","2329.46","2342.46","2347.33","2364.28","2359.61","343328000","343207800","406142450","405981975","411320800"
"20201028","0.54166666666667","2327.29","2345.46","2326.41","2345.26","2337.86","2347.01","2350.33","2365.59","2359.35","213354000","323810600","430272750","408759325","416207333"
"20201028","0.375","2324.18","2334.2","2316.47","2328.14","2339.39","2349.57","2352.09","2366.45","2358.67","492416000","396324800","437225900","409314125","417979417"
"20201027","0.54166666666667","2340.83","2343.6","2322.17","2330.84","2345.92","2353.2","2355.34","2367.62","2358.13","213838000","353078400","440043050","408987100","422187400"
"20201027","0.375","2328.66","2349.33","2321.23","2341.15","2352.67","2355.96","2358.96","2368.37","2357.52","453103000","433150800","440548000","409192050","424382767"
"20201026","0.54166666666667","2354.43","2356.84","2342.58","2343.91","2355.45","2355.3","2361.44","2369.09","2356.71","246342000","402794800","442942000","410689600","426842500"
"20201026","0.375","2366.5","2374.5","2349.99","2352.9","2356.15","2355.58","2364.43","2370.06","2355.66","575925000","456384200","443740300","412074425","427700867"
"20201023","0.54166666666667","2364.24","2366.45","2359.15","2360.81","2359.74","2355.96","2366.98","2370.87","2354.6","276184000","396286800","444007350","416408625","429460667"
"20201023","0.375","2364.84","2368.57","2344.49","2364.59","2360.48","2354.03","2368.54","2371.26","2353.27","614200000","448529800","450894500","421656200","431459283"
"20201022","0.54166666666667","2346.5","2355.07","2339.73","2355.05","2359.25","2351.58","2370.19","2371.61","2351.94","301323000","375933200","447574450","420198850","434577350"
"20201022","0.375","2355.61","2360.22","2343.08","2347.41","2355.14","2352.2","2371.79","2371.83","2350.78","514289000","440283800","445405700","419788175","437286233"
"20201021","0.54166666666667","2364.63","2370.86","2362.06","2370.86","2355.01","2353.66","2373.17","2372","2349.63","275438000","404832200","443693550","418721450","443501133"
"20201021","0.375","2363.03","2371.74","2356.32","2364.51","2352.18","2354.62","2372.92","2372.42","2348.44","537399000","468667400","442374400","421165875","443395083"
"20201020","0.54166666666667","2336.31","2358.41","2334.74","2358.41","2347.58","2357.48","2373.24","2372.98","2347.33","251217000","412920000","446139400","419744025","446312950"
"20201020","0.375","2333.56","2358.17","2322.06","2334.51","2343.92","2361.96","2373.22","2373.08","2346.25","623076000","494985200","447687550","420285825","449809217"
"20201019","0.54166666666667","2357.57","2361.98","2344.77","2346.74","2349.26","2367.59","2374.26","2373.25","2345.39","337031000","438283400","440605650","417210150","455562617"
"20201019","0.375","2352.92","2364.25","2346.46","2356.71","2352.31","2373.29","2373.32","2373.3","2344.15","594614000","536064000","435184000","415112050","456134517"
"20201016","0.54166666666667","2339.97","2346.12","2325.03","2341.53","2357.07","2378.01","2371.86","2373.12","2342.86","258662000","487624600","426334300","415168225","458122617"
"20201016","0.375","2363.88","2370.73","2336.84","2340.1","2367.39","2383.05","2370.19","2372.87","2341.69","661543000","545644000","422864950","416847625","462877167"
"20201015","0.54166666666667","2362.24","2365.71","2348.74","2361.21","2380","2388.8","2368.69","2373.01","2340.52","339567000","458122800","410622900","416240150","470249483"
"20201015","0.375","2375.91","2376.73","2349.11","2362.01","2385.92","2391.38","2364.57","2372.88","2339.04","825934000","490406000","405821500","413909975","473295850"
"20201014","0.54166666666667","2393.28","2394.5","2375.54","2380.48","2394.26","2392.68","2360.8","2373.03","2337.61","352417000","377680800","387245900","409174625","472446333"
"20201014","0.375","2403.74","2405.56","2382.09","2393.14","2398.95","2391.22","2355.41","2372.43","2336.12","548759000","423450600","381402350","408356175","471147100"
"20201013","0.54166666666667","2391.57","2403.83","2390.4","2403.15","2398.71","2388.99","2350.04","2371.88","2334.46","223937000","396484200","377931150","413259575","472658683"
"20201013","0.375","2416.85","2418.89","2385.87","2390.8","2397.61","2384.48","2346.55","2371.31","2332.63","500983000","461256600","377836100","416300150","473425533"
"20201012","0.54166666666667","2403.85","2404.22","2397.89","2403.73","2396.84","2380.93","2343.07","2370.81","2330.82","262308000","412649600","378437200","418792750","476517967"
"20201012","0.375","2404.18","2409.42","2393.74","2403.92","2391.1","2373.34","2339.52","2370.2","2329","581266000","456197200","380408550","419681150","477081133"
"20201008","0.54166666666667","2396.65","2401.33","2389.61","2391.96","2383.5","2365.72","2336.67","2369.51","2327.16","413927000","389755000","388809900","422187325","475318133"
"20201008","0.375","2408.49","2409.01","2383.82","2397.63","2379.27","2357.34","2336.54","2368.47","2325.14","547799000","429509400","392417900","421741675","472131467"
"20201007","0.54166666666667","2373.95","2387.45","2370.74","2386.94","2371.34","2348.58","2337.07","2367.26","2323.11","257948000","376385600","392823250","428078800","470110633"
"20201007","0.375","2350.82","2376.44","2347.82","2375.06","2365.02","2337.76","2338.34","2365.88","2321.28","480046000","421083600","394170650","433226500","470337883"
"20201006","0.54166666666667","2371.18","2373.6","2355.39","2365.9","2355.59","2328.91","2339.85","2364.89","2319.61","249055000","370794000","393749350","443404925","472239650"
"20201006","0.375","2369.17","2378.28","2365.59","2370.81","2347.95","2319.59","2341.87","2363.36","2317.89","612699000","404507000","399957350","443905425","472294783"
"20201005","0.54166666666667","2355.26","2364.73","2350.96","2358","2335.4","2311.1","2343.49","2362.04","2316.12","282180000","319822200","393348650","446399725","472939467"
"20201005","0.375","2330.55","2362.63","2327.83","2355.34","2325.81","2308.62","2347.39","2362.08","2314.51","481438000","346726600","392884100","450870050","471608800"
"20200929","0.54166666666667","2327.47","2334.09","2325.02","2327.89","2310.5","2305.22","2351.92","2362.28","2313.06","228598000","299146800","393814650","463041100","470845250"
"20200929","0.375","2331.51","2339.83","2320.04","2327.7","2302.24","2305.69","2357.7","2362.62","2311.9","417620000","344311600","395040100","466609775","473297867"
"20200928","0.54166666666667","2310.34","2314.81","2308","2308.08","2291.24","2307.61","2363.46","2363.9","2310.73","189275000","307896800","404002150","474016775","475237450"
"20200928","0.375","2301.16","2314.56","2291.32","2310.06","2286.79","2315.75","2369.45","2365.56","2309.43","416702000","365908800","410830300","482883275","477063067"
"20200925","0.54166666666667","2286.33","2289.1","2278.79","2278.79","2291.43","2325.55","2375.05","2367.1","2308.08","243539000","326975600","421857400","500062775","481273233"
"20200925","0.375","2295.19","2296.36","2267.63","2286.57","2299.94","2338.92","2380.94","2369.75","2306.89","454422000","380868800","421998450","507033025","483169033"
"20200924","0.54166666666667","2285.99","2293.66","2268.88","2272.7","2309.14","2350.79","2385.65","2372.51","2305.53","235546000","350331400","431103350","515046550","484760850"
"20200924","0.375","2295.62","2309.74","2278.76","2285.83","2323.99","2364.14","2391.84","2375.17","2304.15","479335000","453080800","435310000","516019475","484969400"
"20200923","0.54166666666667","2320.88","2342.21","2318.47","2333.24","2344.7","2375.89","2397.47","2377.32","2302.81","222036000","454431200","448588000","520022450","485575067"
"20200923","0.375","2352.56","2354.46","2287.44","2321.35","2359.68","2386.16","2399.6","2378.74","2300.94","513005000","521205200","454764200","521220250","486437900"
"20200922","0.54166666666667","2346.36","2346.69","2323.58","2332.59","2377.89","2398.61","2402.76","2380.45","2299.32","301735000","475583400","459148300","525558350","487381667"
"20200922","0.375","2388.14","2388.49","2336.5","2346.93","2392.44","2409.71","2406.23","2381.35","2297.33","749293000","509560400","458953750","525417425","486607050"
"20200921","0.54166666666667","2408.8","2410.2","2379.38","2389.39","2404.29","2419.31","2408.95","2381.93","2295.26","486087000","434344800","455564750","518572250","482941483"
"20200921","0.375","2412.44","2427.17","2403.39","2408.15","2407.08","2423.16","2408.69","2381.3","2293.14","555906000","433232400","451065450","511988250","478692767"
"20200918","0.54166666666667","2404.71","2416.64","2403.84","2412.4","2412.63","2424.54","2407.57","2380.16","2290.86","284896000","376629000","463334350","508754325","479118167"
"20200918","0.375","2413.53","2417.81","2396.33","2405.35","2419.34","2422.97","2405.36","2379","2288.36","471620000","419659600","472282350","508421500","478643167"
"20200917","0.54166666666667","2403.24","2411.35","2398.69","2406.17","2426.98","2420.51","2402.99","2377.83","2285.99","373215000","375957000","493060500","511484800","479795350"
"20200917","0.375","2430.77","2437.02","2400.43","2403.31","2434.33","2419.54","2402.48","2376.26","2283.95","480525000","420686200","487853500","508463500","477419417"
"20200916","0.54166666666667","2446.99","2450.19","2429.94","2435.92","2439.25","2419.06","2402.22","2374.65","2281.96","272889000","389748800","499450800","512734875","479587983"
"20200916","0.375","2442.72","2450.53","2437.22","2445.94","2436.44","2413.05","2398.64","2372.05","2279.42","500049000","462619800","508856000","510971150","478580683"
"20200915","0.54166666666667","2442.64","2444.57","2437.02","2443.58","2426.59","2406.91","2393.59","2369.18","2276.83","253107000","411882000","532267550","509360550","478754117"
"20200915","0.375","2434.59","2443.89","2423.79","2442.89","2414.03","2402.74","2388.88","2365.98","2274.19","596861000","488564600","538179450","512426750","477957050"
"20200914","0.54166666666667","2422.15","2427.91","2419.96","2427.91","2404.74","2398.59","2384.04","2362.7","2271.67","325838000","433128200","544031400","510855100","475395683"
"20200914","0.375","2418.33","2429.07","2410.79","2421.89","2398.87","2394.22","2378.95","2359.73","2269.28","637244000","516939600","554936250","510179450","475464300"
"20200911","0.54166666666667","2380.12","2397.27","2378.95","2396.69","2389.65","2390.6","2375.29","2357.11","2266.85","246360000","458602800","578268150","510981150","471672450"
"20200911","0.375","2389.76","2397.56","2374","2380.75","2387.23","2387.75","2373.14","2354.95","2264.65","636520000","529468200","592067600","513754325","471208983"
"20200910","0.54166666666667","2397.42","2406.06","2394.74","2396.48","2391.46","2385.47","2372.65","2353.11","2262.63","319679000","461733000","598989750","511589600","468841767"
"20200910","0.375","2404.83","2406.68","2388.56","2398.54","2392.44","2385.42","2370.05","2350.89","2260.5","744895000","534099800","596728950","509799100","468061983"
"20200909","0.54166666666667","2383.78","2388.85","2375.81","2375.81","2389.58","2385.38","2368.11","2348.64","2258.25","345560000","464341000","591456900","504068600","466090433"
"20200909","0.375","2372.53","2387.86","2369.12","2384.56","2391.54","2384.24","2367.79","2346.66","2256.26","600687000","555485800","587676300","502274750","465435667"
"20200908","0.54166666666667","2400.61","2403.08","2395.22","2401.91","2388.28","2380.26","2366.6","2344.32","2254.02","297844000","528119600","591968400","501498350","464765067"
"20200908","0.375","2402.66","2407.56","2391.43","2401.38","2379.49","2375.02","2364.84","2341.25","2250.93","681513000","645987400","591881100","500433700","464186667"
"20200907","0.54166666666667","2384.33","2387.49","2377.17","2384.22","2378.39","2369.48","2362.91","2338.34","2248.6","396101000","563499800","581579750","496629850","463919517"
"20200907","0.375","2369.85","2386.68","2362.42","2385.62","2381.19","2363.68","2360.19","2335.28","2246.5","801284000","626773800","572911050","492506425","463319200"
"20200904","0.54166666666667","2357.99","2371.02","2356.12","2368.25","2376.94","2359.98","2357.13","2332.28","2244.33","463856000","558715600","554174300","487010075","460646833"
"20200904","0.375","2332.68","2370.37","2332.68","2357.96","2372.24","2358.53","2353.95","2329.74","2242.74","887183000","659600400","544560650","481823575","458497967"
"20200903","0.54166666666667","2398.95","2400.27","2391.22","2395.9","2370.56","2359.82","2351.83","2327.25","2241.22","269075000","556432800","529909100","473162775","453705217"
"20200903","0.375","2383.26","2401.78","2382.23","2398.2","2360.57","2354.68","2345.75","2324.46","2239.55","712471000","645397800","529073500","472202375","454144533"
"20200902","0.54166666666667","2345.2","2364.37","2343.28","2364.37","2346.17","2350.84","2340.4","2321.68","2237.83","460993000","611690600","526018950","469656575","451616417"
"20200902","0.375","2363.43","2369.57","2341.29","2344.79","2343.02","2351.33","2340.21","2319.42","2236.37","968280000","740268400","513086300","463443025","449174117"
"20200901","0.54166666666667","2345.89","2355.9","2343.91","2349.55","2344.82","2352.94","2341.35","2317.52","2234.97","371345000","651082200","486453550","451997400","443103250"
"20200901","0.375","2340.19","2355.09","2331.23","2345.96","2349.08","2354.65","2341.28","2315","2233.59","713900000","731805800","486674050","447845850","441107333"
"20200831","0.54166666666667","2348.86","2349.7","2326.06","2326.17","2348.78","2356.34","2344.21","2312.59","2232.23","543935000","643918400","477678800","441077825","436462817"
"20200831","0.375","2377.09","2381.5","2346.76","2348.62","2355.51","2356.7","2348.28","2310.51","2231.03","1103882000","663022200","465422650","435728325","430199317"
"20200828","0.54166666666667","2369.98","2371.35","2345.28","2353.8","2359.65","2354.29","2350.97","2308.03","2229.54","522349000","496235400","443694150","418374600","418487483"
"20200828","0.375","2362.22","2379.26","2352.24","2370.87","2361.05","2349.37","2355.16","2305.2","2227.86","774963000","529071400","435441050","410779675","414222000"
"20200827","0.54166666666667","2360.71","2361.21","2344.38","2344.45","2360.22","2343.85","2359.22","2302.18","2226.02","274463000","433298400","424189450","403767775","409942900"
"20200827","0.375","2371.95","2373.36","2346.1","2359.8","2363.89","2336.82","2363.61","2299.8","2224.38","639454000","473503000","422869250","403728500","409860217"
"20200826","0.54166666666667","2361.9","2374.68","2358.78","2369.32","2357.89","2329.96","2366.37","2297.04","2222.56","269948000","390157600","416680300","403407200","408548717"
"20200826","0.375","2367.74","2374.01","2336.98","2360.81","2348.93","2329.08","2368.83","2293.94","2220.21","686529000","421477800","416873200","404315350","408673800"
"20200825","0.54166666666667","2363.46","2369.78","2356.14","2366.73","2337.69","2329.76","2371.99","2290.82","2217.89","296098000","338488600","411028300","401163400","406123300"
"20200825","0.375","2352.15","2367.24","2340.97","2362.78","2327.47","2327.91","2372.97","2287.81","2215.38","475486000","398099400","408986300","400339450","404995950"
"20200824","0.54166666666667","2323.86","2329.83","2315.31","2329.83","2309.76","2332.08","2373.94","2284.81","2212.81","222727000","353474800","411679950","405089400","404100733"
"20200824","0.375","2309.38","2332.33","2283.48","2324.52","2302.02","2339.85","2375.03","2281.82","2210.3","426549000","439205400","412101800","408523275","405749933"
"20200821","0.54166666666667","2316.73","2329.34","2300.83","2304.59","2309.22","2347.65","2375.78","2278.96","2207.76","271583000","394363600","419845850","413883100","408062583"
"20200821","0.375","2306.16","2321.12","2280.97","2315.63","2321.83","2360.95","2377.68","2276.69","2205.46","594152000","427172000","419086500","415466625","407161667"
"20200820","0.54166666666667","2291.1","2298.08","2270.85","2274.22","2328.35","2374.59","2378.66","2274.33","2202.97","252363000","383492600","416416450","415603275","403956467"
"20200820","0.375","2339.91","2357.08","2283.93","2291.14","2354.41","2390.41","2380.54","2272.41","2200.94","651380000","439819000","415331250","416680050","403199217"
"20200819","0.54166666666667","2368.33","2369.4","2356.74","2360.54","2377.68","2402.78","2381.34","2270.21","2198.79","202340000","369305400","413294200","414415150","400190917"
"20200819","0.375","2370.87","2380.1","2353.17","2367.6","2386.08","2408.59","2377.31","2266.94","2196.03","435625000","462699800","413799750","417218025","401127900"
"20200818","0.54166666666667","2405.32","2407.48","2336.78","2348.24","2400.07","2414.22","2372.62","2263.84","2193.19","375755000","447032200","417541250","421428100","403682067"
"20200818","0.375","2405.84","2419.65","2391.39","2404.53","2420.84","2418.04","2367.76","2261.17","2190.25","533995000","481867400","409017650","418323975","401376367"
"20200814","0.54166666666667","2400.79","2412.41","2397.45","2407.49","2426.4","2415.79","2359.86","2257.56","2186.75","298812000","424680200","404476850","415854825","399634600"
"20200814","0.375","2427.85","2435","2383.69","2402.54","2427.87","2410.21","2351.96","2253.31","2183.11","669312000","468052800","406034000","412587650","398888117"
"20200813","0.54166666666667","2452.2","2452.2","2412.49","2437.53","2431.1","2403.91","2345.06","2249.06","2179.48","357287000","388951600","393055050","405884150","396333433"
"20200813","0.375","2455.28","2458.17","2439.89","2452.09","2428.38","2394.42","2336.54","2244.03","2175.82","549931000","431420400","386118300","403612475","395298983"
"20200812","0.54166666666667","2415.77","2432.35","2410.39","2432.35","2415.24","2382.73","2327.47","2238.56","2172.04","248059000","372485800","383346100","402819625","399412550"
"20200812","0.375","2414.78","2428.58","2393.27","2414.84","2405.18","2370.68","2319.01","2233.13","2168.35","515675000","428745800","384587750","403355700","405974617"
"20200811","0.54166666666667","2422.66","2427.28","2414","2418.67","2392.54","2359.91","2311.45","2228.31","2164.77","273806000","371843600","390134100","404482925","405287317"
"20200811","0.375","2396.11","2429.36","2396.11","2423.94","2376.72","2346.04","2303.36","2223.13","2161.12","569631000","433368400","391757500","404574100","403991750"
"20200810","0.54166666666667","2381.63","2390.51","2380.16","2386.38","2360.45","2331.02","2294.37","2218.19","2157.36","255258000","370721400","391298500","403670800","403040100"
"20200810","0.375","2353.92","2382.9","2349.33","2382.05","2350.22","2317.49","2285.94","2213.31","2153.62","529359000","427820000","391692600","403000775","402719383"
"20200807","0.54166666666667","2341.04","2353.99","2336.97","2351.67","2336.19","2303.94","2278.18","2208.59","2149.94","231164000","368080000","398498850","400311125","400682400"
"20200807","0.375","2349.25","2362.24","2333.62","2339.56","2327.28","2293.71","2270.61","2204.97","2146.4","581430000","443975000","404944750","402574000","400797883"
"20200806","0.54166666666667","2333.92","2342.61","2333.36","2342.61","2315.36","2286.22","2263.91","2201.56","2142.98","256396000","370179200","407920350","402170950","399823217"
"20200806","0.375","2322.64","2352.48","2322.64","2335.23","2301.59","2278.66","2257.59","2197.72","2139.5","540751000","420991000","411846750","401199250","399875283"
"20200805","0.54166666666667","2307.96","2312.14","2301.8","2311.86","2284.76","2272.21","2251.24","2194.16","2136.03","230659000","353897400","414790100","397726475","403499433"
"20200805","0.375","2289.23","2307.33","2283.95","2307.13","2271.69","2267.34","2247.08","2191.65","2132.93","610639000","396401400","418028850","397133200","404715467"
"20200804","0.54166666666667","2273","2280.23","2269.69","2279.97","2260.14","2262.99","2243.29","2189.26","2129.73","212451000","340264600","415536100","393639275","404709400"
"20200804","0.375","2272.33","2284.66","2271.05","2273.78","2257.08","2260.69","2240.73","2186.79","2126.75","510455000","379721000","420636300","394791975","405060567"
"20200803","0.54166666666667","2246.89","2254.21","2246.09","2251.04","2255.72","2257.72","2238.6","2184.48","2123.77","205283000","321340400","425314950","396752475","407953750"
"20200803","0.375","2251.65","2254.38","2237.04","2246.54","2259.67","2254.4","2235.96","2182.41","2121.14","443179000","379181200","427630300","397555725","409156050"
"20200731","0.54166666666667","2264.1","2265.34","2248.49","2249.37","2262.99","2252.41","2233.71","2180.64","2118.64","329955000","345123800","427232800","397213475","410302233"
"20200731","0.375","2278.53","2281.41","2254.73","2264.66","2265.83","2247.52","2231.3","2178.84","2116.11","409733000","404453200","419141300","395315175","410450817"
"20200730","0.54166666666667","2269.13","2271.55","2264.8","2267.01","2264.3","2241.61","2228.07","2176.58","2113.5","218552000","383761400","418713250","397972625","415964967"
"20200730","0.375","2275.33","2281.33","2263.81","2270.75","2259.71","2236.53","2223.9","2174.36","2110.68","494487000","452141200","421106650","399889325","415975017"
"20200729","0.54166666666667","2262.81","2265.72","2252.24","2263.16","2249.13","2230.28","2219.85","2172.14","2107.89","272892000","405871800","422293150","407445775","416867383"
"20200729","0.375","2258.35","2276.79","2253.77","2263.57","2241.84","2226.83","2216.79","2170.11","2105.1","626602000","484390200","422123650","416668050","416167233"
"20200728","0.54166666666667","2244.94","2258.51","2241.26","2256.99","2229.21","2223.59","2213.29","2167.85","2102.2","306274000","431086200","418831750","412863925","417334400"
"20200728","0.375","2238.19","2266","2237.21","2244.06","2218.92","2220.77","2209.62","2165.87","2099.18","560451000","498019800","417390700","410108875","417069867"
"20200727","0.54166666666667","2225.86","2227.3","2211.27","2217.86","2213.34","2219.49","2206.11","2163.73","2096.45","263140000","452914400","416043100","408910900","419116283"
"20200727","0.375","2203.48","2231.25","2203.48","2226.71","2211.42","2217.53","2204.52","2160.61","2094.2","665484000","520210000","414308950","408232775","422655900"
"20200724","0.54166666666667","2204.99","2206.98","2195.49","2200.44","2211.81","2215","2202.31","2158.85","2091.88","360082000","446200000","402123400","401774175","421510500"
"20200724","0.375","2196.73","2219.57","2195.86","2205.52","2217.97","2215.07","2199.8","2157.72","2089.66","640942000","486340400","400203250","398724450","418341833"
"20200723","0.54166666666667","2209.41","2220.35","2205.35","2216.19","2222.63","2214.52","2197.2","2156.39","2087.33","334924000","421043000","396421550","395774650","416325033"
"20200723","0.375","2227.24","2227.24","2202.99","2208.26","2225.64","2211.28","2194.78","2155.73","2084.89","599618000","474863800","390551750","393889550","416500983"
"20200722","0.54166666666667","2232.7","2233.17","2222.3","2228.66","2223.63","2209.43","2193.1","2155.2","2082.48","295434000","405258200","380662850","397854100","414539017"
"20200722","0.375","2228.2","2238.86","2221.62","2231.21","2218.18","2206.75","2189.61","2154.65","2079.65","560784000","433217200","376237550","398058775","413268350"
"20200721","0.54166666666667","2231.09","2234.86","2225.24","2228.83","2212.18","2203","2186.01","2153.99","2076.91","314455000","354685400","371742450","399296050","412040283"
"20200721","0.375","2219.19","2232.76","2214.28","2231.25","2206.42","2198.47","2182.78","2153.32","2074.29","604028000","372028800","368947650","397272700","411277117"
"20200720","0.54166666666667","2200.54","2202.29","2196.62","2198.2","2196.92","2192.72","2180.3","2152.41","2071.57","251590000","304507200","368190000","399273150","410350317"
"20200720","0.375","2209.59","2209.59","2183.83","2201.42","2195.22","2191.51","2179.78","2152.18","2069.06","435229000","357832600","367481150","399918925","410040550"
"20200717","0.54166666666667","2199.42","2204.2","2195.03","2201.19","2195.31","2189.63","2179.11","2151.87","2066.23","168125000","324687200","367194150","401836950","413137250"
"20200717","0.375","2187.85","2201","2187.85","2200.02","2193.81","2184.53","2176.67","2151.55","2063.55","401172000","403215000","371489050","406105575","414953933"
"20200716","0.54166666666667","2189.15","2191.37","2177.82","2183.76","2190.53","2179.88","2174.06","2151.06","2060.75","266420000","378471200","377232000","414590825","417892150"
"20200716","0.375","2203.3","2207.34","2182.81","2189.72","2188.52","2178.29","2171.64","2150.51","2058.37","518217000","431887000","378672000","413409200","419334933"
"20200715","0.54166666666667","2192.73","2204.73","2191.99","2201.88","2187.79","2176.77","2168.36","2149.87","2056.12","269502000","373935000","392598400","414154500","428036650"
"20200715","0.375","2208.73","2216.97","2190.66","2193.68","2183.94","2172.47","2163.6","2148.95","2053.73","560764000","404389200","411212450","413189025","429527900"
"20200714","0.54166666666667","2173.78","2183.61","2165.6","2183.61","2175.26","2169.02","2160.18","2148.09","2051.36","277453000","356572200","406896100","416585725","433398900"
"20200714","0.375","2176.43","2182.63","2170.5","2173.71","2169.22","2167.08","2156.42","2146.49","2048.64","533499000","414143200","402827050","416909450","434581650"
"20200713","0.54166666666667","2181.37","2188.8","2180.32","2186.06","2168.06","2167.87","2154.09","2144.97","2045.95","228457000","350949000","401778700","420652875","436555233"
"20200713","0.375","2170.51","2183.29","2163.07","2182.65","2165.75","2168.06","2149.46","2142.95","2043.21","421773000","385625600","402156600","426829375","439993117"
"20200710","0.54166666666667","2152.12","2154.89","2140.29","2150.25","2161","2168.59","2145.28","2140.8","2040.49","321679000","342656600","401424950","431204050","442340533"
"20200710","0.375","2171.44","2171.52","2146.28","2153.43","2162.79","2168.8","2144.5","2138.79","2037.79","565308000","372497200","397245650","427411125","445795500"
"20200709","0.54166666666667","2175.55","2181.48","2167.51","2167.9","2164.94","2168.25","2143.56","2136.56","2035.18","217528000","311147400","395127750","426276775","445660983"
"20200709","0.375","2171.15","2179.56","2166.74","2174.54","2167.69","2165","2140.78","2134.24","2032.62","401840000","385416800","397227350","429475600","448547667"
"20200708","0.54166666666667","2158.56","2163.41","2153.32","2158.88","2170.36","2159.95","2138.13","2131.6","2029.87","206928000","352531400","415045350","431477100","454873750"
"20200708","0.375","2166.76","2173.83","2150.89","2159.19","2176.18","2154.73","2138.26","2129.47","2027.18","470882000","397043600","419880000","431783750","457881017"
"20200707","0.54166666666667","2182.68","2183.11","2164.03","2164.17","2174.82","2151.34","2138.5","2127.37","2024.45","258559000","353671800","426849650","432189200","463224367"
"20200707","0.375","2202.04","2206.79","2175.03","2181.65","2171.57","2145.76","2136.85","2125.13","2021.48","588875000","405166200","425597750","432441850","465650033"
"20200706","0.54166666666667","2188.11","2191.28","2184.25","2187.93","2162.31","2140.31","2134.55","2122.55","2018.43","237413000","346435200","430356300","431430475","466063867"
"20200706","0.375","2158.95","2188.7","2157.71","2187.95","2149.53","2130.87","2131.49","2119.32","2015.39","429489000","458301600","432356700","431320250","464913750"
"20200703","0.54166666666667","2148.73","2153.54","2141.34","2152.41","2133.28","2121.98","2129.1","2115.94","2012.14","254023000","500760400","436479750","436108800","465639800"
"20200703","0.375","2147.89","2152.4","2135.3","2147.91","2127.86","2120.2","2128.55","2112.9","2009.14","516031000","544843200","440722100","436686375","466227833"
"20200702","0.54166666666667","2123.81","2135.37","2122.93","2135.37","2119.94","2118.86","2127.62","2109.9","2005.98","295220000","480851400","451949650","438222225","466930017"
"20200702","0.375","2116.72","2129.02","2113.98","2124","2118.31","2116.57","2127.53","2107.62","2002.57","796745000","524313800","448146400","439666400","464937800"
"20200701","0.54166666666667","2125.19","2129.11","2101.33","2106.7","2112.21","2116.31","2128.22","2105.51","1999.24","641783000","412167800","435710600","445755775","458750583"
"20200701","0.375","2128.81","2133.55","2121.52","2125.3","2110.67","2121.79","2129.94","2103.56","1996.06","474437000","365239200","415165600","438685625","451487417"
"20200630","0.54166666666667","2127.07","2134.38","2108.26","2108.33","2112.54","2125.66","2130.07","2101.23","1992.57","196072000","317970400","426275350","446650300","451804350"
"20200630","0.375","2124.38","2130.98","2116.12","2127.23","2117.79","2127.95","2131.56","2099.11","1989.04","512532000","383346000","430991850","450458950","452197350"
"20200629","0.54166666666667","2100.14","2104.47","2087.84","2093.48","2114.82","2128.78","2130.98","2096.53","1985.89","236015000","332743600","439527050","453943500","452884517"
"20200629","0.375","2105.54","2120.5","2097.33","2099.02","2120.41","2132.11","2127.84","2093.92","1983.07","407140000","437180600","451502150","458911375","452939567"
"20200626","0.54166666666667","2135.51","2142.04","2132.33","2134.65","2132.91","2136.23","2128.96","2091.29","1980.14","238093000","416476800","460983150","462798325","454860183"
"20200626","0.375","2137.47","2137.47","2115.25","2134.57","2138.77","2136.9","2128.85","2087.83","1976.66","522950000","490913200","457576600","470070425","455577717"
"20200625","0.54166666666667","2121.85","2126.21","2112.37","2112.37","2138.11","2136.38","2128.4","2084.4","1972.97","259520000","433027400","457425800","470927600","456615417"
"20200625","0.375","2130.45","2143.33","2115.49","2121.45","2142.75","2138.49","2131.62","2081.28","1969.68","758200000","517932600","461723850","474207825","455894683"
"20200624","0.54166666666667","2163.96","2171.86","2159.77","2161.51","2143.81","2140.14","2134.37","2077.9","1966.38","303621000","421776800","447908850","474787950","452330850"
"20200624","0.375","2145.93","2170.89","2143.91","2163.97","2139.55","2138.09","2136.07","2074.22","1962.41","610275000","463442600","443687500","476881525","450697050"
"20200623","0.54166666666667","2135.82","2142.92","2129.62","2131.24","2135.02","2134.49","2137.46","2070.19","1958.72","233521000","409161600","437528750","481411725","447412300"
"20200623","0.375","2149.13","2158.15","2110.51","2135.58","2134.64","2135.17","2140.34","2066.71","1955.17","684046000","510573800","439285950","485676175","447418117"
"20200622","0.54166666666667","2139.22","2142.88","2125.94","2126.73","2134.22","2133.17","2142.38","2063.05","1951.4","277421000","417595600","432504650","483917650","445451683"
"20200622","0.375","2126.38","2142.6","2122.1","2140.23","2136.47","2123.58","2145.26","2059.86","1947.09","511950000","471717200","430283800","481192275","444260700"
"20200619","0.54166666666667","2128.68","2141.32","2124.25","2141.32","2136.63","2121.7","2147.4","2056.64","1942.29","338870000","415503800","435737850","480219825","442150200"
"20200619","0.375","2153.09","2153.57","2108.91","2129.36","2133.96","2120.79","2149.43","2053.39","1936.8","740582000","487056200","432650650","478980700","440903383"
"20200618","0.54166666666667","2139.01","2142.76","2127.57","2133.48","2135.7","2120.43","2151.49","2050.42","1931.59","219155000","397020200","424494800","474420200","437238867"
"20200618","0.375","2134.35","2145.13","2120.29","2137.96","2132.12","2124.76","2152.37","2047.01","1926.86","548029000","489836400","431186400","473333500","437708283"
"20200617","0.54166666666667","2128.21","2145.56","2127.6","2141.05","2110.69","2128.59","2153.02","2043.63","1921.69","230883000","475334000","455800950","470270575","437380083"
"20200617","0.375","2133.18","2154.37","2105.26","2127.96","2106.76","2134.06","2153.32","2040.09","1916","696632000","548509400","462205650","469648325","440544133"
"20200616","0.54166666666667","2115.52","2138.08","2111.09","2138.05","2107.63","2140.43","2154.02","2036.54","1910.31","290402000","443175400","467025250","464568850","439963600"
"20200616","0.375","2091.09","2128.66","2079.02","2115.56","2105.16","2145.52","2151.48","2032.5","1905.76","683236000","489081800","469926050","462800100","440695000"
"20200615","0.54166666666667","2122","2122.93","2030.82","2030.82","2117.41","2151.59","2149.83","2029.18","1902.05","475517000","421530800","468359950","459563250","442850550"
"20200615","0.375","2114.41","2129.67","2108.65","2121.4","2146.5","2166.94","2151.54","2027.79","1899.06","596760000","422807400","466320600","453658275","446092900"
"20200612","0.54166666666667","2126.23","2137.12","2121.53","2132.3","2161.36","2173.11","2148.17","2024.92","1895.48","169962000","347294200","464613500","451798700","458048950"
"20200612","0.375","2088.24","2130.59","2084.63","2125.73","2173.23","2178.07","2143.03","2021.61","1892","519934000","410721800","482564250","454578275","460404567"
"20200611","0.54166666666667","2175.63","2177.26","2148.51","2176.78","2185.87","2182.54","2137.72","2018.28","1888.93","345481000","360468000","484429400","456210225","466108617"
"20200611","0.375","2184.36","2200.72","2172.34","2176.28","2185.78","2179.98","2130.31","2014.04","1885.55","481900000","401055800","486691800","452980100","464219633"
"20200610","0.54166666666667","2190.46","2197.2","2186.2","2195.69","2187.38","2177.44","2122.3","2009.77","1881.48","219194000","351276600","501667050","454541850","464579967"
"20200610","0.375","2187.91","2200.68","2178.12","2191.67","2184.86","2172.57","2114.08","2004.66","1878.47","487100000","431644000","510075550","454201825","467870883"
"20200609","0.54166666666667","2175.99","2189.62","2166.01","2188.92","2182.9","2167.62","2106.14","1999.84","1875.29","268665000","389649200","525294700","452354075","468373683"
"20200609","0.375","2206.23","2212.17","2169.32","2176.32","2179.21","2157.45","2098.18","1995.27","1872.95","548420000","451409200","532066400","451484200","467621767"
"20200608","0.54166666666667","2182.66","2187.53","2177.68","2184.29","2174.18","2148.07","2090.71","1990.74","1870.95","233004000","412322600","535330650","451925200","466150917"
"20200608","0.375","2215.6","2217.21","2174.96","2183.1","2167.51","2136.14","2081.23","1985.93","1869.11","621031000","573785800","532100750","451249150","467138483"
"20200605","0.54166666666667","2170.06","2187.25","2168.99","2181.87","2160.29","2123.23","2071.32","1980.6","1867.22","277126000","521375000","524701800","445356375","465589650"
"20200605","0.375","2151.17","2170.73","2138.18","2170.47","2152.34","2108","2060.73","1975.55","1865.33","577465000","624554600","525310750","445029750","465597467"
"20200604","0.54166666666667","2149.76","2158.63","2143.41","2151.18","2135.68","2092.9","2050.6","1970.45","1863.61","352987000","578745200","524345600","443610900","470918017"
"20200604","0.375","2181.64","2191","2139.68","2150.92","2121.95","2080.64","2042.95","1966.24","1862.68","1040320000","638530600","515480600","440969225","470671917"
"20200603","0.54166666666667","2140.68","2156.55","2140.18","2147","2104.78","2067.17","2035.3","1962.38","1861.73","358977000","517412600","484740200","428169650","465820617"
"20200603","0.375","2108.55","2145.29","2107.69","2142.13","2086.17","2055.59","2027.43","1958.5","1861.21","793024000","558140800","477091000","429713375","467541533"
"20200602","0.54166666666667","2082.72","2089.43","2078.7","2087.19","2063.66","2044.66","2019.61","1954.64","1860.62","348418000","505331400","462112450","426432775","474411583"
"20200602","0.375","2061.45","2084.47","2059.14","2082.5","2050.12","2038.91","2014.28","1950.8","1860.39","651914000","547095200","455674150","426079475","473837983"
"20200601","0.54166666666667","2053.78","2065.38","2052.65","2065.08","2039.33","2033.36","2008.78","1946.93","1860.19","434730000","494858200","450766550","430095850","472378350"
"20200601","0.375","2037.04","2060.89","2035.63","2053.93","2029.55","2026.31","2002.38","1943.47","1859.77","562618000","564193200","440995950","435979050","470011450"
"20200529","0.54166666666667","2018.24","2038.89","2013.97","2029.6","2025.01","2019.41","1996.74","1940.18","1859.69","528977000","529142400","438983900","454766675","470535317"
"20200529","0.375","2018.37","2029.69","2006.62","2019.51","2025.65","2013.47","1991.62","1936.78","1859.46","557237000","581643600","426592300","449324725","467666750"
"20200528","0.54166666666667","2016.92","2032.97","2003.75","2028.54","2027.7","2008.29","1987.07","1933.8","1859.36","390729000","551016000","427991050","456948225","469394267"
"20200528","0.375","2047.08","2054.52","2012.76","2016.19","2027.38","2005.27","1981.9","1931","1859.02","781405000","595611200","419268400","452983550","467508917"
"20200527","0.54166666666667","2033.38","2036.31","2027.61","2031.2","2023.07","2003.43","1977.03","1928.14","1858.85","387364000","473011400","407416650","446036425","466401167"
"20200527","0.375","2027.9","2043.44","2019.82","2032.81","2013.82","1999.28","1972.49","1924.89","1859.05","791483000","490149000","398328100","446768550","465134583"
"20200526","0.54166666666667","2026.83","2029.89","2021.91","2029.78","2001.28","1994.56","1966.97","1921.54","1859.29","404099000","389713400","379413450","439913175","462096550"
"20200526","0.375","2001","2026.96","1997.94","2026.94","1988.88","1989.64","1961.59","1917.82","1859.68","613705000","420526000","370902000","435399450","460521250"
"20200525","0.54166666666667","1984.39","1994.9","1984.1","1994.6","1983.15","1984.21","1956.06","1914.31","1860.19","168406000","332922400","368519750","431561050","460258033"
"20200525","0.375","1980.51","1986.02","1967.84","1984.95","1983.8","1978.46","1953.1","1911.46","1861.1","473052000","384343600","370397550","434657350","461447867"
"20200522","0.54166666666667","1967.03","1974.2","1961.4","1970.13","1984.73","1974.06","1951.21","1908.35","1862.01","289305000","330931800","366010950","436033575","465429367"
"20200522","0.375","2001.6","2002.65","1962.06","1967.76","1987.83","1969.78","1949.99","1905.38","1862.92","558162000","371761400","364748750","435740825","467271133"
"20200521","0.54166666666667","1997.58","2003.31","1995.9","1998.31","1990.4","1965.86","1949.18","1902.06","1864","175687000","304059400","362876200","444204225","471628050"
"20200521","0.375","2003.2","2004.95","1993","1997.83","1985.26","1958.52","1945.7","1897.52","1865.37","425512000","379674400","366457850","448267575","474899583"
"20200520","0.54166666666667","1985.35","1990.35","1983.68","1989.64","1973.12","1950.64","1942.58","1892.97","1866.83","205993000","342435600","371599100","456360825","478276167"
"20200520","0.375","1972.12","1992.2","1972.12","1985.62","1963.39","1945.71","1939.53","1888.56","1868.55","493453000","405712400","382335750","462766800","479087950"
"20200519","0.54166666666667","1971.89","1983.77","1971.89","1980.61","1951.72","1939.39","1935.99","1883.9","1870.26","219652000","363250800","390753100","480561150","479390617"
"20200519","0.375","1977.47","1980.84","1968.59","1972.61","1941.31","1933.55","1931.73","1878.98","1872.17","553762000","436362800","396484800","482919900","482687750"
"20200518","0.54166666666667","1940.67","1943.07","1934.18","1937.11","1931.78","1927.91","1928.93","1875.26","1874.16","239318000","368865600","409425150","483184250","487226883"
"20200518","0.375","1934.51","1942.25","1921.14","1941","1928.15","1927.74","1929.45","1872.22","1876.42","522377000","429876000","430962150","484519200","488565000"
"20200515","0.54166666666667","1929.14","1932.46","1922.54","1927.28","1928.04","1928.36","1929.84","1868.98","1878.67","281145000","366519200","470549450","486311025","491823433"
"20200515","0.375","1937.63","1938.59","1913.21","1928.57","1927.06","1930.21","1930.18","1865.48","1881.3","585212000","392928200","472057150","488203975","491693933"
"20200514","0.54166666666667","1919.46","1924.96","1914.07","1924.96","1925.78","1932.51","1930.04","1861.53","1883.91","216276000","322659800","485905400","490095875","490180417"
"20200514","0.375","1922.44","1931.43","1913.49","1918.95","1924.03","1932.87","1929.93","1858.08","1886.56","544370000","392616600","486698700","491629175","493359067"
"20200513","0.54166666666667","1921.6","1940.42","1916.94","1940.42","1927.32","1934.52","1929.97","1854.85","1889.28","205593000","324935000","484656200","495893425","495461750"
"20200513","0.375","1897.5","1926.23","1897.24","1922.4","1928.68","1933.36","1927.4","1850.61","1891.72","413190000","360880400","495209000","498537825","497446800"
"20200512","0.54166666666667","1916.08","1936.43","1915.81","1922.17","1933.36","1932.6","1926.4","1847.25","1894.4","233870000","331054600","500412900","503438100","501689917"
"20200512","0.375","1938.62","1938.62","1905.17","1916.23","1939.23","1929.92","1926.02","1843.63","1897.04","566060000","388422800","499896900","505330875","502597433"
"20200511","0.54166666666667","1947.85","1951.45","1932.87","1935.4","1941.71","1929.94","1925.44","1839.74","1899.63","205962000","324674800","494602350","506127175","502904550"
"20200511","0.375","1953.51","1960.46","1940.01","1947.2","1941.72","1931.16","1923.48","1834.32","1902.03","385320000","389149800","498917150","506973025","503088683"
"20200508","0.54166666666667","1950.56","1953.5","1944.29","1945.82","1938.03","1931.32","1919.26","1827.94","1904.38","264061000","396231000","506056200","515138575","504371317"
"20200508","0.375","1944.94","1956.89","1942.54","1951.51","1931.83","1930.15","1915.93","1820.21","1906.51","520711000","475778800","506732900","518532325","504085000"
"20200507","0.54166666666667","1935.79","1938.5","1925.82","1928.61","1920.6","1927.57","1911.57","1812.76","1908.55","247320000","438493800","525532250","526003975","502083917"
"20200507","0.375","1922","1936.47","1918.57","1935.45","1918.18","1926.98","1910.06","1806.71","1910.91","528337000","551543600","530077300","529120450","502976117"
"20200506","0.54166666666667","1914.76","1928.76","1912.92","1928.76","1920.6","1925.43","1909.26","1799.75","1913.16","420726000","579887800","541122550","531614700","502773317"
"20200506","0.375","1919.45","1923.68","1902.55","1914.81","1924.62","1921.45","1908.54","1791.9","1915.66","661800000","758567200","543197850","527464050","501795800"
"20200504","0.54166666666667","1915.96","1918.66","1894.29","1895.37","1928.47","1920.2","1908.31","1784.09","1918.1","334286000","688467000","570369200","523709375","501025783"
"20200504","0.375","1906.42","1917.68","1896.08","1916.5","1934.53","1922.13","1906.39","1779.02","1920.35","812569000","794045200","569355000","525789225","500560950"
"20200429","0.54166666666667","1948.58","1953.26","1943.26","1947.56","1935.79","1920.94","1903.09","1774.92","1922.51","670058000","677959800","556943350","526127750","494044983"
"20200429","0.375","1936.89","1957.51","1934.31","1948.85","1930.26","1915.8","1898.56","1770.33","1924.26","1314123000","644652200","538076250","517366425","486397567"
"20200428","0.54166666666667","1925.69","1934.12","1920.01","1934.09","1918.29","1907.19","1893.95","1766.04","1925.99","311299000","465157400","502072600","502460425","471804950"
"20200428","0.375","1931.25","1941.79","1911.63","1925.66","1911.92","1901.72","1888.54","1762.39","1927.52","862177000","506351200","504350800","501512325","470795400"
"20200427","0.54166666666667","1919.48","1929.82","1919.48","1922.77","1909.73","1895.57","1884.3","1759.58","1929.13","232142000","378625800","494286350","492317925","463613733"
"20200427","0.375","1897.06","1922.33","1894.62","1919.91","1906.09","1893.13","1881.19","1757.06","1930.77","503520000","424231200","496559650","496689250","466551950"
"20200424","0.54166666666667","1902.75","1903.36","1880.71","1889.01","1901.33","1893.08","1877.4","1753.18","1932.66","416649000","381978800","507130650","500864525","468607317"
"20200424","0.375","1906.07","1908.29","1895.26","1902.25","1896.09","1895.63","1874.76","1752.27","1934.82","517268000","404269200","501866650","498565700","466745683"
"20200423","0.54166666666667","1904","1923.53","1904","1914.73","1891.51","1896.42","1871.24","1750.75","1936.92","223550000","356334600","506463300","502328425","467214433"
"20200423","0.375","1907.45","1919.44","1895.98","1904.53","1881.41","1890.65","1865.86","1750.64","1939.18","460169000","490964200","510764850","503947700","467752650"
"20200422","0.54166666666667","1862.83","1897.9","1861.2","1896.15","1880.18","1885.24","1861.44","1751.17","1941.57","292258000","466574600","517652000","507055650","467147717"
"20200422","0.375","1855.51","1866.95","1844.85","1862.78","1884.83","1881.33","1857.81","1752.28","1943.91","528101000","557971400","515028900","505174450","465814133"
"20200421","0.54166666666667","1864.69","1879.87","1857.15","1879.38","1895.18","1880.72","1854.58","1753.84","1946.5","277595000","544797600","524220950","503528875","464117800"
"20200421","0.375","1886.78","1898.32","1841.66","1864.23","1901.32","1875.35","1850.2","1755.1","1949.56","896698000","730324000","530331750","502761050","462863750"
"20200420","0.54166666666667","1919.35","1921.17","1893.17","1898.36","1899.89","1873.02","1845.44","1756.77","1952.76","338221000","613784800","526475700","490359750","455660717"
"20200420","0.375","1908.34","1925.25","1906.51","1919.4","1890.3","1869.25","1836.79","1759.13","","749242000","659007800","528163600","489425525","454990750"
"20200417","0.54166666666667","1910.98","1922.93","1908.74","1914.53","1877.84","1861.71","1827.07","1761.08","","462232000","567702600","522106850","483598700","451962800"
"20200417","0.375","1893.31","1926.02","1893.19","1910.1","1866.25","1853.88","1817.59","1763.92","","1205227000","594066200","511730250","481094775","448338750"
"20200416","0.54166666666667","1850.48","1862.23","1850.48","1857.07","1849.38","1846.05","1807.39","1766.61","","314002000","424393400","477049550","466354075","435425233"
"20200416","0.375","1839.51","1854.59","1828.13","1850.4","1846.15","1841.06","1798.81","1769.98","","564336000","493770600","482223450","466163925","433549750"
"20200414","0.54166666666667","1856.82","1864.46","1853.53","1857.08","1848.21","1837.64","1793.76","1773.45","","292716000","436425000","495312150","462595800","430891050"
"20200414","0.375","1846.41","1859.32","1837.17","1856.6","1845.59","1834.29","1788.63","1776.07","","594050000","520869800","496656600","460558225","429563933"
"20200413","0.54166666666667","1841.73","1844.06","1825.76","1825.76","1841.51","1828.44","1783.16","1779.2","","356863000","464333600","502848250","456671125","426373150"
"20200413","0.375","1853.3","1853.3","1837.43","1840.89","1842.73","1825.05","1777.73","1782.14","","660888000","514801200","498673850","454017700","423155283"
"20200410","0.54166666666667","1844.13","1861.1","1840.57","1860.7","1835.98","1817.86","1770.26","1784.92","","277608000","444539800","490349500","448277425","418212350"
"20200410","0.375","1835.76","1852.8","1824.43","1844","1827.07","1804.33","1763.11","1787.03","","714940000","508600600","496818850","451548100","417677533"
"20200409","0.54166666666667","1832.12","1836.93","1819.69","1836.21","1822.99","1792.43","1757.18","1789.57","","311369000","413571800","494598400","449345650","412862400"
"20200409","0.375","1838.09","1839.33","1818.3","1831.83","1815.37","1781.3","1749.68","1793.21","","609201000","493686400","495264750","449185200","411300883"
"20200408","0.54166666666667","1816.6","1842.16","1807.13","1807.14","1807.38","1768.72","1744.12","1797.04","","309581000","451808400","498193550","447590000","406899150"
"20200408","0.375","1815.75","1828.98","1801.8","1816.19","1799.74","1756.55","1739","1801.54","","597912000","553807600","497130550","446246550","405565167"
"20200407","0.54166666666667","1797.44","1827.36","1796.78","1823.6","1781.59","1749.87","1732.34","1806.06","","239796000","508621000","496459300","441895575","405289883"
"20200407","0.375","1826.72","1838.97","1791.92","1798.07","1761.87","1742.98","1721.66","1810.73","","711942000","586283200","495320000","441206750","411846317"
"20200406","0.54166666666667","1768.51","1794.19","1766.19","1791.88","1747.23","1737.88","1709.98","1815.67","","399811000","494834800","482836800","434066225","415520717"
"20200406","0.375","1745.25","1771.51","1742.67","1768.97","1730.06","1730.4","1694.51","1820.46","","819577000","517195200","475190350","429129750","413597733"
"20200403","0.54166666666667","1725.06","1733.32","1706.68","1725.44","1713.36","1722.66","1681.26","1825.93","","371979000","436775800","454243800","420253225","411007917"
"20200403","0.375","1731.17","1743.91","1718.29","1724.99","1718.15","1721.89","1673.29","1833.22","","628107000","527602000","450687450","418404325","408851517"
"20200402","0.54166666666667","1706.63","1726.76","1693.78","1724.86","1724.08","1721.92","1662.93","1840.7","","254700000","465901600","445090550","416890775","404931050"
"20200402","0.375","1693.53","1717.31","1664.13","1706.05","1728.52","1718.06","1649.57","1848.55","","511613000","558538200","450459300","416643000","404864933"
"20200401","0.54166666666667","1748.77","1750.77","1685.37","1685.46","1730.74","1719.52","1636.57","1856.62","","417480000","510890600","455658600","414613075","403985217"
"20200401","0.375","1737.28","1762.44","1736.24","1749.39","1731.96","1721.45","1631.85","1865.37","","826110000","526274800","450104400","409212900","399948667"
"20200331","0.54166666666667","1746.93","1754.64","1722.62","1754.64","1725.63","1714.81","1627.92","1873.05","","319605000","442451800","429879450","398680500","393111300"
"20200331","0.375","1739.29","1757.81","1736.76","1747.07","1719.76","1700.35","1623.81","1880.62","","717883000","512637000","424459850","396017600","390721367"
"20200330","0.54166666666667","1692","1729.63","1690.31","1717.12","1707.59","1682.08","1621.03","1888.36","","273375000","433999600","410494000","388135600","383660233"
"20200330","0.375","1670.34","1694.01","1659.95","1691.58","1708.3","1658.62","1620.91","1897.11","","494401000","512880000","409361550","385396000","381480633"
"20200327","0.54166666666667","1725.07","1725.32","1668.21","1717.73","1710.94","1639.86","1624.18","1906.29","","406995000","471664000","406205350","382143775","378501417"
"20200327","0.375","1756.07","1759.05","1696.98","1725.3","1704","1624.7","1626.87","1915.05","","670531000","507162400","406277350","378106875","375618850"
"20200326","0.54166666666667","1721.31","1735.75","1686.24","1686.24","1680.93","1603.94","1624.98","1923.72","","324696000","416458200","404092900","371994400","370496383"
"20200326","0.375","1699.11","1732.32","1679.23","1720.66","1656.57","1581.08","1632.39","1932.83","","667777000","443974600","403105650","369318950","369218833"
"20200325","0.54166666666667","1682.49","1707.64","1649.26","1704.76","1608.93","1553.61","1636.89","1941.56","","288321000","359795600","396986450","361251950","364599600"
"20200325","0.375","1668.19","1698.02","1645.28","1683.03","1568.77","1542.26","1647.07","1950.45","","584487000","382260600","395362550","359782475","363818083"
"20200324","0.54166666666667","1564.04","1609.97","1556.67","1609.97","1545.4","1541.02","1659.72","1959.53","","217010000","325533600","387331850","359705175","360593833"
"20200324","0.375","1523.69","1586.4","1508.68","1564.42","1526.94","1547.26","1677.37","1969.74","","462278000","385365400","387093500","370109475","360051300"
"20200323","0.54166666666667","1503.66","1516.75","1474.74","1482.46","1505.58","1559.97","1696.97","1980.82","","246882000","365324800","385295650","381862675","358042550"
"20200323","0.375","1474.45","1516.52","1458.41","1503.99","1498.3","1583.21","1720.59","1992.8","","400646000","439068200","383069150","382801425","356811667"
"20200320","0.54166666666667","1517.48","1566.82","1514.79","1566.15","1515.74","1608.51","1743.61","2004.35","","300852000","420218200","386262650","389389975","357409850"
"20200320","0.375","1498.49","1533.46","1466.48","1517.68","1536.64","1629.04","1767.31","2015.11","","516169000","444370000","386121200","387933550","357401383"
"20200319","0.54166666666667","1444.88","1508.07","1439.43","1457.64","1567.59","1646.03","1793.23","2026.57","","362075000","383378800","388691000","384851300","357131867"
"20200319","0.375","1626.09","1626.09","1445.92","1446.02","1614.35","1683.7","1824.61","2039.41","","615599000","398677000","382826700","382067750","354697867"
"20200318","0.54166666666667","1671.39","1677.6","1591.12","1591.2","1668.12","1720.17","1855.88","2052.11","","306396000","325702400","373567550","378148525","352424233"
"20200318","0.375","1686.12","1693.95","1654.44","1670.64","1701.28","1751.88","1879.29","2061.68","","421611000","350678600","368321400","374870800","350764283"
"20200317","0.54166666666667","1691.62","1695.73","1663.19","1672.44","1721.44","1778.43","1898.67","2070.09","","211213000","348043400","367481550","374727225","349864033"
"20200317","0.375","1640.84","1722.97","1637.88","1691.47","1724.46","1807.48","1915.76","2078.18","","438566000","431169200","367575350","373852125","349333350"
"20200316","0.54166666666667","1757.26","1757.26","1714.38","1714.86","1753.04","1833.98","1933.42","2085.93","","250726000","404446200","365777200","370243350","349445067"
"20200316","0.375","1805.43","1805.43","1741.72","1756.98","1772.21","1857.97","1947.8","2092.66","","431277000","463379600","361430450","367540175","350588783"
"20200313","0.54166666666667","1687.95","1809.31","1686.74","1771.44","1802.47","1878.7","1960.32","2098.69","","408435000","428292800","358082200","364649450","352023333"
"20200313","0.375","1722.68","1728.14","1680.6","1687.57","1835.42","1905.58","1971.1","2104.48","","626842000","431380400","349936400","360289600","350137450"
"20200312","0.54166666666667","1811.14","1851.56","1808.56","1834.33","1890.49","1940.44","1986.54","2112.14","","304951000","348460600","339895900","353698125","346610500"
"20200312","0.375","1887.97","1897.23","1810.75","1810.75","1914.92","1965.53","1997.57","2117.37","","545393000","372734600","335532250","352275425","345007183"
"20200311","0.54166666666667","1936.4","1937.36","1898.27","1908.27","1943.72","1991.59","2010.11","2123.1","","255843000","304126400","325517450","348406175","342485400"
"20200311","0.375","1965.67","1967.7","1930.91","1936.19","1954.93","2006.7","2018.54","2127.71","","423873000","345861000","324202400","348045850","341869617"
"20200310","0.54166666666667","1957.27","1967.89","1950.44","1962.93","1975.74","2018.91","2026.12","2131.97","","212243000","320691000","332078500","347224825","342695133"
"20200310","0.375","1942.85","1968.17","1934.72","1956.44","1990.39","2024.03","2033.15","2135.53","","426321000","391755400","353125450","346530200","343601817"
"20200309","0.54166666666667","1963.49","1964.89","1951.66","1954.77","2016.15","2032.85","2040.07","2139.16","","202352000","355449000","378429700","344416000","345533700"
"20200309","0.375","1981.02","1989.5","1946.9","1964.33","2039.46","2037.63","2046.28","2144.01","","464516000","401061800","382533700","343682925","344824800"
"20200306","0.54166666666667","2035.65","2041.37","2032.57","2040.22","2058.46","2041.94","2052.93","2148.75","","298023000","348453200","392517300","342983450","342912700"
"20200306","0.375","2053.09","2062.57","2032.13","2036.18","2062.09","2036.62","2059.06","","","567565000","369811400","389745900","343041475",""
"20200305","0.54166666666667","2072.42","2089.08","2070.55","2085.26","2057.68","2032.64","2065.94","","","244789000","298916200","381011600","341352300",""
"20200305","0.375","2078.11","2081.91","2059.99","2071.31","2049.56","2029.61","2071.45","","","430416000","330479000","381308800","340633450",""
"20200304","0.54166666666667","2058.52","2063.59","2050.98","2059.33","2035.8","2028.64","2077.43","","","201473000","277154000","382729500","341852575",""
"20200304","0.375","2005.81","2061.8","2005.81","2058.35","2025.42","2030.38","2084.98","","","404814000","309721800","381420200","341985725",""
"20200303","0.54166666666667","2044.43","2044.43","2009.39","2014.15","2011.15","2033.33","2092.58","","","213089000","277862800","381972900","341055275",""
"20200303","0.375","2051.85","2051.85","2024.29","2044.64","2007.61","2042.27","2102.31","","","402603000","320451400","380128900","340212350",""
"20200302","0.54166666666667","2006.94","2013.6","2000.04","2002.51","2009.66","2047.29","2110.65","","","163791000","283466400","374709500","341279000",""
"20200302","0.375","1997.03","2017.07","1969.34","2007.44","2021.48","2054.94","2122.63","","","364312000","319727600","373649900","345167950",""
"20200228","0.54166666666667","1997.84","1999.3","1980.82","1987.01","2035.35","2063.93","2134.36","","","245519000","292773600","371216700","348993900",""
"20200228","0.375","2020.17","2031.01","1989.55","1996.43","2055.5","2081.51","2147.19","","","426032000","359948800","370642800","350237975",""
"20200227","0.54166666666667","2061.5","2063.62","2049.15","2054.89","2076.94","2099.24","2159.62","","","217678000","401378800","367500350","349967800",""
"20200227","0.375","2073.87","2085.4","2053.43","2061.64","2084.92","2113.3","2168.53","","","345097000","544324400","369018600","349744650",""
"20200226","0.54166666666667","2087.67","2088.33","2075.96","2076.77","2088.4","2126.21","2177.67","","","229542000","532191400","371294900","350969375",""
"20200226","0.375","2064.07","2089.64","2059.13","2087.79","2092.5","2139.57","2185.75","","","581395000","619120600","371889300","350703225",""
"20200225","0.54166666666667","2094.71","2105.49","2089.22","2103.61","2107.51","2151.82","2192.73","","","633182000","551360600","362371150","348003450",""
"20200225","0.375","2075.55","2100.81","2071.5","2094.78","2121.54","2162.35","2198.71","","","932406000","503300000","339934950","338840000",""
"20200224","0.54166666666667","2097.16","2099.8","2079.03","2079.04","2141.69","2174.01","2205.42","","","284432000","366965400","310402300","329085700",""
"20200224","0.375","2114.04","2120.06","2087.23","2097.29","2164.02","2190.33","2211.53","","","664188000","401845000","304832150","325970350",""
"20200221","0.54166666666667","2173.98","2174.93","2160.28","2162.84","2186.63","2204.8","2216.51","","","242595000","304064800","293449600","318110400",""
"20200221","0.375","2165.65","2184.43","2165.53","2173.76","2196.14","2212.88","2218.96","","","392879000","338719400","296337050","",""
"20200220","0.54166666666667","2190.75","2204.18","2188.89","2195.5","2203.16","2220.01","2220.55","","","250733000","295385400","301693000","",""
"20200220","0.375","2223.55","2228.18","2186.72","2190.73","2206.34","2223.75","2222.17","","","458830000","304081800","299958100","",""
"20200219","0.54166666666667","2211.97","2213.29","2202.21","2210.34","2216.63","2229.12","2223.02","","","175287000","240835600","300975650","",""
"20200219","0.375","2222.51","2226","2191.2","2210.35","2222.97","2231.93","2220.79","","","415868000","268907800","302551250","",""
"20200218","0.54166666666667","2211.84","2213.41","2205.21","2208.88","2229.61","2233.64","2219.03","","","176209000","232542400","300137650","",""
"20200218","0.375","2225.98","2232.93","2207.13","2211.41","2236.85","2235.06","2216.48","","","294215000","269937200","300295800","",""
"20200217","0.54166666666667","2241.32","2247.88","2238.12","2242.17","2241.16","2236.83","2213.71","","","142599000","260702800","307848500","",""
"20200217","0.375","2243.07","2250.05","2230.26","2242.02","2241.62","2232.72","2207.55","","","315648000","310307600","316686000","",""
"20200214","0.54166666666667","2242.67","2246.89","2240.01","2243.59","2240.89","2228.21","2201.37","","","234041000","295464000","326771100","",""
"20200214","0.375","2232.71","2251.5","2221.9","2245.08","2237.67","2225.05","2195.14","","","363183000","326862200","329833150","",""
"20200213","0.54166666666667","2243.88","2246.82","2230.3","2232.96","2233.27","2221.08","2190.25","","","248043000","291117200","332435250","",""
"20200213","0.375","2245.72","2255.49","2241.4","2244.44","2232.5","2220.58","2186","","","390623000","309859200","330470700","",""
"20200212","0.54166666666667","2226.94","2242.24","2225","2238.38","2223.83","2216.92","2181.51","","","241430000","266340400","330643850","",""
"20200212","0.375","2225.95","2231.36","2214.77","2227.47","2215.54","2209.64","2178.85","","","391032000","305361800","329517150","",""
"20200211","0.54166666666667","2230.22","2230.36","2216.59","2223.12","2212.43","2204.42","2177.06","","","184458000","287224200","333635750","",""
"20200211","0.375","2213.5","2233.32","2211.25","2229.11","2208.89","2197.9","2174.74","","","341753000","350332200","337745050","",""
"20200210","0.54166666666667","2196.51","2201.43","2190.81","2201.07","2208.66","2190.59","2171.98","","","173029000","325188600","347769100","",""
"20200210","0.375","2185.63","2203.39","2180.51","2196.91","2210.01","2182.37","2174.23","","","436537000","386419000","347108550","",""
"20200207","0.54166666666667","2206.13","2212","2198.14","2211.95","2203.75","2174.53","2176.81","","","300344000","340471400","342771200","",""
"20200207","0.375","2221.49","2223.92","2202.01","2205.42","2196.42","2165.24","","","","499998000","353921800","","",""
"20200206","0.54166666666667","2207.51","2229.99","2207.16","2227.94","2186.91","2159.42","","","","216035000","289796600","","",""
"20200206","0.375","2184.77","2210.13","2182.25","2207.81","2172.52","2151.42","","","","479181000","335643400","","",""
"20200205","0.54166666666667","2174.98","2175.67","2154.88","2165.63","2154.73","2146.1","","","","206799000","303677000","","",""
"20200205","0.375","2177.26","2181.52","2156.74","2175.28","2145.32","2148.06","","","","367596000","365787200","","",""
"20200204","0.54166666666667","2156.04","2162.32","2149.52","2157.9","2134.06","2149.69","","","","179372000","351324400","","",""
"20200204","0.375","2121.22","2156.89","2120.53","2155.97","2131.92","2151.57","","","","445269000","398495000","","",""
"20200203","0.54166666666667","2117.84","2125.77","2108.94","2118.88","2130.32","2153.36","","","","319349000","351191600","","",""
"20200203","0.375","2086.61","2126.73","2082.74","2118.55","2137.46","2166.09","","","","517350000","366139000","","",""
