"일자","시가","고가","저가","종가","5","10","20","60","120","거래량","5","20","40","60"
"20201125","2637.34","2642.26","2583.41","2601.54","2584.56","2552.01","2466.55","2400.29","2312.55","1410104000","1306007200","1089400050","953459350","979003933"
"20201124","2616.28","2628.52","2605.03","2617.76","2573.38","2540.45","2453.73","2396.01","2308.76","1364506000","1208687200","1054183350","936078775","970734150"
"20201123","2560.04","2605.58","2553.7","2602.59","2557.66","2523.95","2439.39","2391.87","2304.34","1649443000","1189284800","1019305100","920342150","963933667"
"20201120","2544.06","2558.21","2539.79","2553.5","2545.75","2508.41","2426.45","2387.94","2299.86","1129500000","1107223200","977946300","905381775","949302683"
"20201119","2536.89","2548.95","2529.53","2547.42","2533.82","2494.71","2416.82","2384.21","2295.49","976483000","1095799800","965990500","903194100","941298950"
"20201118","2548.85","2553.95","2536.78","2545.64","2519.46","2481.35","2407.2","2380.16","2291.17","923504000","1156241400","957946950","897694925","939453150"
"20201117","2544.12","2556.09","2533.34","2539.15","2507.51","2462.52","2398.46","2375.64","2286.88","1267494000","1225948200","952413600","895950825","939123800"
"20201116","2507.46","2546.37","2507.46","2543.03","2490.24","2442.93","2389.42","2372.66","2282.64","1239135000","1265283000","932753550","883586925","928631650"
"20201113","2470.12","2495.77","2460.96","2493.87","2471.08","2418.65","2379.61","2369.41","2278.07","1072383000","1288428400","917379050","873857750","923141900"
"20201112","2482.68","2488.79","2467.04","2475.62","2455.6","2395.98","2371.99","2367.97","2273.7","1278691000","1239065400","909770150","871125225","921404250"
"20201111","2459.5","2488.04","2459.5","2485.87","2443.24","2381.08","2366.27","2367.34","2269.73","1272038000","1123734600","904110650","861229950","915213033"
"20201110","2453.95","2457.94","2435.59","2452.83","2417.53","2367.02","2361","2366.45","2265.59","1464168000","1066684200","885567550","856043350","906741300"
"20201109","2438.63","2459.15","2434.52","2447.2","2395.62","2354.82","2358.52","2365.88","2261.66","1354862000","951339600","848605150","843095325","896395783"
"20201106","2421.79","2431.11","2404.97","2416.5","2366.22","2344.49","2356.34","2364.86","2257.41","825568000","816067400","823040750","833707700","886891700"
"20201105","2373.41","2413.79","2370.85","2413.79","2336.35","2338.92","2355.12","2363.78","2253.33","702037000","810070800","829848650","843003125","886675467"
"20201104","2361.32","2371.14","2339.95","2357.32","2318.92","2333.05","2353.77","2362.6","2249.26","986786000","771617000","831646500","859228175","888260633"
"20201103","2315.81","2344.77","2315.3","2343.31","2316.51","2334.4","2354.2","2361.84","2245.78","887445000","715413800","825394900","859097175","885835833"
"20201102","2276.61","2302.64","2267.95","2300.16","2314.02","2335.91","2354.94","2360.78","2242.27","678501000","671313000","819203550","872642875","883093517"
"20201030","2319.56","2320.2","2266.93","2267.15","2322.77","2340.57","2356.32","2359.97","2239.23","795585000","700066200","817589400","882811475","882592867"
"20201029","2312.34","2330.17","2299.91","2326.67","2341.5","2348.01","2358.37","2359.67","2236.55","509768000","719026000","808109000","904117275","881661250"
"20201028","2324.18","2345.46","2316.47","2345.26","2347.17","2351.46","2355.98","2358.67","2233.24","705770000","780194800","817518650","923805875","885049100"
"20201027","2328.66","2349.33","2321.23","2330.84","2352.29","2354.98","2352.35","2357.31","2229.77","666941000","801608200","817974200","929009550","888277833"
"20201026","2366.5","2374.5","2342.58","2343.91","2357.81","2362.22","2352.47","2356.08","2226.14","822267000","843078600","821379200","936247950","891607567"
"20201023","2364.84","2368.57","2344.49","2360.81","2358.37","2368.2","2351.9","2353.97","2222.83","890384000","864954200","832817250","934980875","893380183"
"20201022","2355.61","2360.22","2339.73","2355.05","2354.52","2371.31","2353.33","2351.3","2219.28","815612000","870918400","840397700","928953175","895224183"
"20201021","2363.03","2371.74","2356.32","2370.86","2355.75","2374.5","2356.2","2348.99","2215.68","812837000","940896200","837442900","930206250","897206350"
"20201020","2333.56","2358.41","2322.06","2358.41","2357.67","2374.01","2357.97","2346.62","2211.66","874293000","958564000","839488050","932478900","897929367"
"20201019","2352.92","2364.25","2344.77","2346.74","2366.62","2373.96","2361.84","2344.46","2207.96","931645000","928689400","834420300","926570700","898665867"
"20201016","2363.88","2370.73","2325.03","2341.53","2378.02","2372.08","2366.68","2341.98","2204.21","920205000","911075200","830336450","926023325","894585433"
"20201015","2375.91","2376.73","2348.74","2361.21","2388.11","2368.73","2371","2339.64","2200.36","1165501000","919379400","832480300","927221300","888736967"
"20201014","2403.74","2405.56","2375.54","2380.48","2393.25","2360.49","2372.78","2336.69","2196.5","901176000","833878000","818349250","920764225","882389233"
"20201013","2416.85","2418.89","2385.87","2403.15","2390.34","2349.71","2373.58","2333.71","2192.62","724920000","825993600","826519150","917328175","881207400"
"20201012","2404.18","2409.42","2393.74","2403.73","2381.31","2342.72","2372.21","2330.05","2188.07","843574000","833733200","837585500","920291100","882641267"
"20201008","2408.49","2409.01","2383.82","2391.96","2366.14","2335.61","2372.12","2326.42","2183.51","961726000","794262000","844374650","918817175","879418867"
"20201007","2350.82","2387.45","2347.82","2386.94","2349.36","2335.35","2371.73","2322.39","2178.79","737994000","723112200","856157600","915088875","878173217"
"20201006","2369.17","2378.28","2355.39","2365.9","2327.73","2337.9","2370.8","2318.74","2174.41","861754000","715105600","886809850","916567700","876196117"
"20201005","2330.55","2364.73","2327.83","2358","2309.09","2341.93","2372.3","2315.29","2169.99","763618000","685731000","892799450","916056300","873130383"
"20200929","2331.51","2339.83","2320.04","2327.89","2304.14","2349.72","2372.61","2312.06","2165.4","646218000","680015600","926082200","915038500","874527317"
"20200928","2301.16","2314.81","2291.32","2308.08","2305.08","2361.29","2373.7","2309.73","2161.2","605977000","760977600","948033550","915094600","874872050"
"20200925","2295.19","2296.36","2267.63","2278.79","2321.34","2373.27","2374.6","2307.13","2156.9","697961000","848180800","1000125550","918437375","877606667"
"20200924","2295.62","2309.74","2268.88","2272.7","2348.06","2385.06","2378.35","2304.74","2152.29","714881000","859891800","1030093100","918814325","884173400"
"20200923","2352.56","2354.46","2287.44","2333.24","2374.76","2397.44","2381.94","2301.98","2147.72","735041000","887663600","1040044900","923429650","890862383"
"20200922","2388.14","2388.49","2323.58","2332.59","2395.29","2401.69","2383.74","2298.23","2142.32","1051028000","895243000","1051116700","926721750","890421767"
"20200921","2412.44","2427.17","2379.38","2389.39","2417.49","2408.63","2385.45","2294.24","2137.51","1041993000","855031000","1037144500","923661650","883623883"
"20200918","2413.53","2417.81","2396.33","2412.4","2425.2","2408.11","2382.47","2290","2131.91","756516000","839248800","1017508650","922637425","878941383"
"20200917","2430.77","2437.02","2398.69","2406.17","2422.05","2403.69","2377.08","2285","2126.12","853740000","864521600","1022969600","927088075","883294783"
"20200916","2442.72","2450.53","2429.94","2435.92","2420.12","2402.67","2370.49","2280.92","2120.12","772938000","906688400","1025469750","927150025","884297383"
"20200915","2434.59","2444.57","2423.79","2443.58","2408.09","2395.51","2366.72","2275.84","2114.02","849968000","941350200","1018721100","930788650","886707867"
"20200914","2418.33","2429.07","2410.79","2427.91","2399.76","2386.11","2361.95","2270.56","2107.08","963082000","967228000","1021710200","926709925","885697917"
"20200911","2389.76","2397.56","2374","2396.69","2391.02","2375.94","2360.93","2265.78","2099.2","882880000","1014088600","1021962300","916865300","887637417"
"20200910","2404.83","2406.68","2388.56","2396.48","2385.33","2371.65","2362.97","2261.4","2092.28","1064574000","1107720400","1023179200","914409225","885709150"
"20200909","2372.53","2388.85","2369.12","2375.81","2385.22","2366.44","2364.76","2257.14","2084.45","946247000","1091114800","1008137200","908551525","883424833"
"20200908","2402.66","2407.56","2391.43","2401.91","2382.93","2365.79","2366.91","2253.18","2077.92","979357000","1187720000","1002996700","905169150","883881350"
"20200907","2369.85","2387.49","2362.42","2384.22","2372.46","2362.28","2366.13","2246.99","2071.84","1197385000","1208897600","993259700","896940975","885430017"
"20200904","2332.68","2371.02","2332.68","2368.25","2360.85","2356.84","2364.5","2242.79","2066.26","1351039000","1298984000","974020150","889181025","876971867"
"20200903","2383.26","2401.78","2382.23","2395.9","2357.96","2350.47","2363.22","2239.6","2061.28","981546000","1288238600","946325550","870889250","868244233"
"20200902","2363.43","2369.57","2341.29","2364.37","2347.67","2338.3","2359.02","2236.27","2056.61","1429273000","1274712800","939313150","863295850","863656700"
"20200901","2340.19","2355.9","2331.23","2349.55","2348.66","2337.92","2354.8","2233.34","2052.8","1085245000","1180153600","903994800","848749875","853453567"
"20200831","2377.09","2381.5","2326.06","2326.17","2352.09","2337.79","2349.87","2230.59","2049.58","1647817000","1117421400","882155650","838291300","849600067"
"20200828","2362.22","2379.26","2345.28","2353.8","2352.83","2345.92","2346.03","2228.18","2046.49","1297312000","917713200","836749200","816347225","836379633"
"20200827","2371.95","2373.36","2344.38","2344.45","2342.98","2354.29","2341.69","2224.81","2043.87","913917000","831397800","807535550","811213550","837979550"
"20200826","2367.74","2374.68","2336.98","2369.32","2328.94","2363.08","2337.63","2221.52","2041.71","956477000","829363000","806814400","816271125","841947617"
"20200825","2352.15","2369.78","2340.97","2366.73","2327.18","2368.02","2332.01","2216.81","2039.13","771584000","765660600","802326800","810074300","842678533"
"20200824","2309.38","2332.33","2283.48","2329.83","2323.48","2369.98","2324.57","2211.79","2036.19","649276000","793293800","810178800","806863575","846441267"
"20200821","2306.16","2329.34","2280.97","2304.59","2339.02","2372.17","2318.1","2206.78","2033.47","865735000","857063400","827766200","809657750","853723567"
"20200820","2339.91","2357.08","2270.85","2274.22","2365.6","2375.97","2313.68","2202.18","2030.82","903743000","865360000","831206550","813457375","858830217"
"20200819","2370.87","2380.1","2353.17","2360.54","2397.23","2379.73","2311.4","2198.13","2028.99","637965000","837358200","828830300","813711200","863415283"
"20200818","2405.84","2419.65","2336.78","2348.24","2408.86","2371.68","2304.82","2192.62","2026.63","909750000","878452600","842856200","820701250","869745933"
"20200814","2427.85","2435","2383.69","2407.49","2416.48","2361.96","2297.31","2186.72","2024.59","968124000","853426000","831709650","817691775","865274400"
"20200813","2455.28","2458.17","2412.49","2437.53","2405.32","2346.15","2287","2179.43","2021.85","907218000","822320000","811768300","820474975","863263450"
"20200812","2414.78","2432.35","2393.27","2432.35","2386.34","2329.09","2274.31","2172.11","2019.56","763734000","800305800","805639250","816974125","858163133"
"20200811","2396.11","2429.36","2396.11","2418.67","2362.24","2312.17","2262.79","2164.74","2017.59","843437000","815818600","808965850","821068650","857091667"
"20200810","2353.92","2390.51","2349.33","2386.38","2334.5","2296.01","2251.03","2157.43","2015.85","784617000","791712400","807341600","824323675","855924617"
"20200807","2349.25","2362.24","2333.62","2351.67","2307.43","2279.15","2241.02","2149.95","2014.37","812594000","764481400","800622250","831515175","855542583"
"20200806","2322.64","2352.48","2322.64","2342.61","2286.97","2264.03","2230.95","2142.87","2013.46","797147000","749900200","804341900","828447725","856438633"
"20200805","2289.23","2312.14","2283.95","2311.86","2271.85","2251.39","2222.21","2135.91","2012.63","841298000","733078600","795452950","829203575","855830283"
"20200804","2272.33","2284.66","2269.69","2279.97","2262.11","2243.07","2214.56","2129.72","2011.98","722906000","744717800","787278550","825828475","852121700"
"20200803","2251.65","2254.38","2237.04","2251.04","2257.51","2237.96","2208.77","2123.76","2011.63","648462000","773481600","793504950","828182950","853405433"
"20200731","2278.53","2281.41","2248.49","2249.37","2250.88","2232.67","2205.62","2118.5","2011.4","739688000","829514000","794426950","833322275","852452433"
"20200730","2275.33","2281.33","2263.81","2267.01","2241.09","2227.85","2200.77","2113.44","2011","713039000","881781200","795945250","836194850","853203833"
"20200729","2258.35","2276.79","2252.24","2263.16","2230.93","2219.53","2194.19","2107.8","2010.54","899494000","926081800","814891550","853201550","854247467"
"20200728","2238.19","2266","2237.21","2256.99","2224.03","2213.4","2186.36","2102.23","2010.24","866725000","917426600","825727850","859514225","857298000"
"20200727","2203.48","2231.25","2203.48","2217.86","2218.4","2206.06","2178.93","2096.2","2009.48","928624000","927778200","817821800","862854400","861966833"
"20200724","2196.73","2219.57","2195.49","2200.44","2214.46","2202.88","2172.71","2091.69","2008.98","1001024000","879417200","803548350","864572500","879559450"
"20200723","2227.24","2227.24","2202.99","2216.19","2214.61","2197.86","2169.42","2087.25","2008.3","934542000","793071800","791549300","866702250","882433650"
"20200722","2228.2","2238.86","2221.62","2228.66","2208.13","2193.03","2164.23","2082.36","2007.49","856218000","763090800","795708200","872642050","879118983"
"20200721","2219.19","2234.86","2214.28","2228.83","2202.77","2186.06","2160.87","2076.7","2006.82","918483000","757900400","798592100","880707775","880413967"
"20200720","2209.59","2209.59","2183.83","2198.2","2193.73","2179.59","2155.99","2071.47","2006.46","686819000","736394200","798546300","883190800","876501233"
"20200717","2187.85","2204.2","2187.85","2201.19","2191.3","2178.56","2152.42","2066.43","2006.28","569297000","729076400","803673900","882056775","878726900"
"20200716","2203.3","2207.34","2177.82","2183.76","2181.11","2173.69","2149.43","2061.07","2006.65","784637000","792614400","829181650","889011025","888810167"
"20200715","2208.73","2216.97","2190.66","2201.88","2177.94","2168.85","2146.91","2056.31","2007.35","830266000","759560600","828309000","884425075","893857267"
"20200714","2176.43","2183.61","2165.6","2183.61","2169.34","2159.33","2143.87","2051.53","2007.66","810952000","729069400","833171450","881154575","907810483"
"20200713","2170.51","2188.8","2163.07","2186.06","2165.45","2151.8","2141.59","2046.08","2008.32","650230000","736365800","841305750","880216125","908933583"
"20200710","2171.44","2171.52","2140.29","2150.25","2165.83","2142.54","2133.83","2040.6","2008.86","886987000","739700200","862408100","883002750","912875850"
"20200709","2171.15","2181.48","2166.74","2167.9","2166.26","2140.98","2132.93","2035.19","2009.68","619368000","716313600","852553550","882487000","915055250"
"20200708","2166.76","2173.83","2150.89","2158.88","2159.75","2135.43","2133.38","2030.07","2010.2","677810000","810833000","862954200","886018950","921274917"
"20200707","2202.04","2206.79","2164.03","2164.17","2149.32","2135.69","2135.22","2024.69","2010.87","847434000","898515000","864378400","884543275","925320917"
"20200706","2158.95","2191.28","2157.71","2187.93","2138.15","2132.4","2136.46","2018.74","2011.41","666902000","870749000","862860950","883355675","926321900"
"20200703","2147.89","2153.54","2135.3","2152.41","2119.26","2126.28","2136.27","2012.67","2011.56","770054000","865999600","872217600","881465175","931069167"
"20200702","2116.72","2135.37","2113.98","2135.37","2115.71","2125.17","2137.75","2006.66","2011.85","1091965000","864197400","876444450","881833125","938558067"
"20200701","2128.81","2133.55","2101.33","2106.7","2111.11","2124.98","2138.54","1999.83","2011.98","1116220000","849348400","891511550","873925425","937026750"
"20200630","2124.38","2134.38","2108.26","2108.33","2122.07","2128.42","2140.55","1993.47","2012.55","708604000","808883600","893300600","873083075","931194967"
"20200629","2105.54","2120.5","2087.84","2093.48","2126.65","2131.39","2139.5","1986.42","2012.94","643155000","850676200","907887000","884039350","940111400"
"20200626","2137.47","2142.04","2115.25","2134.65","2133.3","2125.12","2138.08","1980.77","2013.63","761043000","879919400","925596650","917565000","946683617"
"20200625","2130.45","2143.33","2112.37","2112.37","2134.63","2124.89","2132.82","1973.81","2013.97","1017720000","943601200","941855200","927875825","946795833"
"20200624","2145.93","2171.86","2143.91","2161.51","2138.86","2131.33","2128.63","1967.23","2014.68","913896000","893494000","949575900","920824375","947792600"
"20200623","2149.13","2158.15","2110.51","2131.24","2134.76","2134.75","2122.12","1959.31","2015.04","917567000","896217800","962823450","921324900","949102217"
"20200622","2126.38","2142.88","2122.1","2126.73","2136.13","2140.51","2117.04","1952.21","2015.59","789371000","907432000","967835300","915478700","948356233"
"20200619","2153.09","2153.57","2108.91","2141.32","2116.94","2146.27","2110.44","1943.59","2016.12","1079452000","964013200","960439650","916253400","946521517"
"20200618","2134.35","2145.13","2120.29","2133.48","2115.14","2150.32","2101.88","1932.61","2016.64","767184000","886102000","948840400","918624425","939322783"
"20200617","2133.18","2154.37","2105.26","2141.05","2123.8","2152.09","2095.12","1923.16","2017.23","927515000","898141400","940541150","926631400","940153400"
"20200616","2091.09","2138.08","2079.02","2138.05","2134.73","2152.69","2087.55","1911.77","2017.69","973638000","853897200","929137700","945130000","940989383"
"20200615","2114.41","2129.67","2030.82","2030.82","2144.9","2147.6","2079.68","1902.65","2018.17","1072277000","822586600","919126500","942747500","936895533"
"20200612","2088.24","2137.12","2084.63","2132.3","2175.6","2151.03","2074.99","1896.68","2019.54","689896000","778938200","903597400","938109725","929853900"
"20200611","2184.36","2200.72","2148.51","2176.78","2185.51","2140.76","2064.74","1889.72","2019.84","827381000","811877200","912420450","946306100","929722350"
"20200610","2187.91","2200.68","2178.12","2195.69","2180.39","2125.94","2052.15","1882.97","2019.79","706294000","925062400","909083700","950435275","933187283"
"20200609","2206.23","2212.17","2166.01","2188.92","2170.65","2109.49","2039.39","1876.94","2019.3","817085000","1014203800","904708150","955792175","935588117"
"20200608","2215.6","2217.21","2174.96","2184.29","2150.31","2093.57","2026.05","1872.27","2018.6","854035000","1050853200","903850400","958052375","933298633"
"20200605","2151.17","2187.25","2138.18","2181.87","2126.46","2074.6","2013.6","1868.58","2017.89","854591000","1079515800","890712750","960494950","929707450"
"20200604","2181.64","2191","2139.68","2151.18","2096.01","2053.43","2001.8","1864.79","2017.11","1393307000","1125840400","887221800","969614875","926578733"
"20200603","2108.55","2156.55","2107.69","2147","2071.48","2038.14","1990.67","1862.94","2016.53","1152001000","1081605800","856339300","959784350","917783417"
"20200602","2061.45","2089.43","2059.14","2087.19","2048.32","2022.41","1979.76","1861.91","2015.81","1000332000","1086975000","852865550","950142150","909836817"
"20200601","2037.04","2065.38","2035.63","2065.08","2036.84","2011.75","1970.17","1861.45","2015.66","997348000","1090469400","860191700","956223600","903269400"
"20200529","2018.37","2038.89","2006.62","2029.6","2022.74","1998.95","1964.29","1860.6","2015.82","1086214000","1019291400","909533350","957227100","896908467"
"20200528","2047.08","2054.52","2003.75","2028.54","2010.85","1988.72","1959.52","1860.15","2016.34","1172134000","971542000","913896450","949266150","887606617"
"20200527","2027.9","2043.44","2019.82","2031.2","2004.8","1978.36","1954.23","1859.46","2016.83","1178847000","857355000","892072850","946900950","879263567"
"20200526","2001","2029.89","1997.94","2029.78","1996.49","1969.28","1947.12","1859.85","2017.56","1017804000","761474800","879826350","942241600","868995700"
"20200525","1980.51","1994.9","1967.84","1994.6","1986.66","1958.52","1941.37","1860.63","2018.38","641458000","712596800","863122100","938616700","865547917"
"20200522","2001.6","2002.65","1961.4","1970.13","1975.16","1952.6","1936.45","1862.45","2019.43","847467000","736644200","872067150","939562450","880950083"
"20200521","2003.2","2004.95","1993","1998.31","1966.59","1950.17","1931.91","1864.27","2020.71","601199000","740422200","888408450","934563975","882635967"
"20200520","1972.12","1992.2","1972.12","1989.64","1951.92","1943.2","1926.91","1867.01","2021.58","699446000","772311600","912721650","939959525","883207217"
"20200519","1977.47","1983.77","1968.59","1980.61","1942.08","1937.11","1923.15","1870.44","2022.47","773414000","756179000","961122300","946915225","883375833"
"20200518","1934.51","1943.07","1921.14","1937.11","1930.39","1928.59","1916.98","1874.27","2023.67","761695000","761482200","966368500","945780050","880338183"
"20200515","1937.63","1938.59","1913.21","1927.28","1930.05","1929.64","1912.98","1878.8","2025.47","866357000","727399600","972622050","942982150","875483667"
"20200514","1922.44","1931.43","1913.49","1924.96","1933.75","1930.32","1907.9","1884.05","2027.42","760646000","711082600","980191750","938373300","868681833"
"20200513","1897.5","1940.42","1897.24","1940.42","1934.48","1930.1","1904.69","1889.36","2029.4","618783000","714084800","991786850","945239075","865958133"
"20200512","1938.62","1938.62","1905.17","1922.17","1932.15","1924.96","1899.48","1894.23","2031.05","799930000","806833400","1006876200","951028100","866289517"
"20200511","1953.51","1960.46","1932.87","1935.4","1926.79","1924.21","1893.73","1899.5","2032.72","591282000","876218400","1012254350","948022750","863498383"
"20200508","1944.94","1956.89","1942.54","1945.82","1929.22","1920.29","1888.14","1904.3","2034.44","784772000","1154798200","1030277150","949204800","862413867"
"20200507","1922","1938.5","1918.57","1928.61","1926.88","1913.64","1880.44","1908.55","2035.92","775657000","1232539000","1052007950","946257200","859493767"
"20200506","1919.45","1928.76","1902.55","1928.76","1925.71","1910.62","1870.28","1913.27","2037.66","1082526000","1224540000","1063229400","948505475","859905183"
"20200504","1906.42","1918.66","1894.29","1895.37","1917.76","1909.2","1860.08","1918.26","2039.46","1146855000","1194818200","1047418750","938322450","853450017"
"20200429","1936.89","1957.51","1934.31","1947.56","1921.63","1905.37","1849.59","1922.76","2041.53","1984181000","1102191000","1052255500","924808250","843909017"
"20200428","1931.25","1941.79","1911.63","1934.09","1911.35","1896.32","1839.94","1926.27","2043.15","1173476000","869426600","1004920850","890596025","821250017"
"20200427","1897.06","1929.82","1894.62","1922.77","1900.41","1885.48","1829.09","1929.35","2044.79","735662000","869590000","984635850","874461700","815637067"
"20200424","1906.07","1908.29","1880.71","1889.01","1895.53","1879.28","1818.84","1932.62","2046.27","933917000","939950200","1001729050","872858925","815217817"
"20200423","1907.45","1923.53","1895.98","1914.73","1900.63","1874","1808.7","1936.94","2047.89","683719000","1086658600","1004656850","863580375","809699833"
"20200422","1855.51","1897.9","1844.85","1896.15","1889.1","1863.24","1798.21","1941.45","2049.27","820359000","1125582400","1014111300","866760825","809842850"
"20200421","1886.78","1898.32","1841.66","1879.38","1881.28","1855.98","1783.9","1946.12","2050.91","1174293000","1138863800","1007057750","885391550","809651500"
"20200420","1908.34","1925.25","1893.17","1898.36","1870.56","1847.23","1764.05","1952.24","2052.69","1087463000","1107555400","980719500","879749725","798573417"
"20200417","1893.31","1926.02","1893.19","1914.53","1863.03","1829.94","1747.44","1958.38","2054.27","1667459000","1088572400","967197400","868450000","790590850"
"20200416","1839.51","1862.23","1828.13","1857.07","1847.36","1810.97","1724.6","1963.8","2055.7","878338000","939194600","932708150","844502600","775638517"
"20200414","1846.41","1864.46","1837.17","1857.08","1837.38","1793.81","1711.3","1970.56","2057.56","886766000","945025600","925191600","837323025","770091067"
"20200413","1853.3","1853.3","1825.76","1825.76","1830.68","1783.57","1702.07","1977.12","2059.49","1017751000","958020000","913342250","826914475","764991900"
"20200410","1835.76","1861.1","1824.43","1860.7","1823.91","1772.71","1696.53","1984.16","2061.48","992548000","998347400","896554850","812926875","761501567"
"20200409","1838.09","1839.33","1818.3","1836.21","1796.85","1758.41","1692.06","1990.33","2063.15","920570000","999855000","898691300","803043775","757395033"
"20200408","1815.75","1842.16","1801.8","1807.14","1774.58","1743.41","1691.97","1997.04","2065.16","907493000","969003600","895180000","795996175","755983850"
"20200407","1826.72","1838.97","1791.92","1823.6","1750.25","1733.17","1697.02","2004.08","2067.46","951738000","1036223000","883791150","789120400","748997100"
"20200406","1745.25","1794.19","1742.67","1791.88","1736.46","1711.81","1703.99","2010.46","2069.5","1219388000","1053373000","868132450","778482225","743043733"
"20200403","1731.17","1743.91","1706.68","1725.44","1721.5","1680.87","1712.14","2017.03","2071.8","1000086000","963050600","840506450","763236675","732597317"
"20200402","1693.53","1726.76","1664.13","1724.86","1719.96","1664.94","1727.87","2024.13","2074.45","766313000","978538600","833781550","758243075","731159717"
"20200401","1737.28","1762.44","1685.37","1685.46","1712.24","1638.22","1745.89","2031.64","2076.98","1243590000","1023770600","829226150","756465650","727858417"
"20200331","1739.29","1757.81","1722.62","1754.64","1716.1","1628.79","1764.59","2039.47","2079.99","1037488000","949614200","797361000","739735775","717009750"
"20200330","1670.34","1729.63","1659.95","1717.12","1687.16","1620.57","1777.56","2046.5","2082.21","767776000","877974200","776271200","729414600","710244317"
"20200327","1756.07","1759.05","1668.21","1717.73","1640.23","1620.35","1791.83","2054.13","2084.74","1077526000","853924600","764287550","731137675","705692667"
"20200326","1699.11","1735.75","1679.23","1686.24","1609.92","1625.72","1805.3","2062.13","2087.36","992473000","801823600","743988800","721962200","694673950"
"20200325","1668.19","1707.64","1645.28","1704.76","1564.2","1640.53","1823.73","2070.76","2090.58","872808000","798863800","722503900","712221325","686302183"
"20200324","1523.69","1609.97","1508.68","1609.97","1541.48","1660.88","1842.33","2078.98","2093.57","679288000","769903600","719410350","707708625","681277200"
"20200323","1474.45","1516.75","1458.41","1482.46","1553.98","1696.17","1867.01","2088.65","2097.23","647528000","764001800","763725350","710948375","679455183"
"20200320","1498.49","1566.82","1466.48","1566.15","1600.46","1743.4","1896.84","2100.67","2102.17","817021000","770896800","778779950","707500375","677030283"
"20200319","1626.09","1626.09","1439.43","1457.64","1641.52","1790.81","1926.68","2111.31","2106.39","977674000","814548000","769702600","702287575","674191300"
"20200318","1686.12","1693.95","1591.12","1591.2","1716.85","1853.57","1963.57","2123.62","2111.76","728007000","789082000","756297050","697103700","668615783"
"20200317","1640.84","1722.97","1637.88","1672.44","1780.27","1900.39","1994.53","2133.68","2115.93","649779000","779423800","749454450","692540800","666334100"
"20200316","1805.43","1805.43","1714.38","1714.86","1838.37","1934.56","2021.35","2142.4","2119.42","682003000","777180800","740486700","690816725","665496683"
"20200313","1722.68","1809.31","1680.6","1771.44","1886.35","1963.32","2047.71","2149.96","2122.46","1035277000","774153800","729298900","693974925","660414183"
"20200312","1887.97","1897.23","1808.56","1834.33","1940.1","1984.88","2071.32","2156.6","2124.96","850344000","740216000","707396250","686746900","652160017"
"20200311","1965.67","1967.7","1898.27","1908.27","1990.29","2006.93","2091.25","2161.65","2126.86","679716000","705188200","696812350","686385775","647731550"
"20200310","1942.85","1968.17","1934.72","1962.93","2020.5","2023.78","2107.76","2164.94","2128.14","638564000","690502400","694449650","681600075","647548467"
"20200309","1981.02","1989.5","1946.9","1954.77","2030.75","2037.85","2120.77","2167.2","2128.86","666868000","685928000","688832000","680499375","645240133"
"20200306","2053.09","2062.57","2032.13","2040.22","2040.29","2050.28","2133.08","2169.43","2129.5","865588000","658175000","685966900","678642750","640677767"
"20200305","2078.11","2089.08","2059.99","2085.26","2029.65","2062.54","2141.67","2170.12","2129.33","675205000","619367600","682704600","679848800","633587767"
"20200304","2005.81","2063.59","2005.81","2059.33","2023.58","2073.57","2148.8","2169.71","2128.7","606287000","596881600","683705150","677174550","630204150"
"20200303","2051.85","2051.85","2009.39","2014.15","2027.07","2088.67","2154.12","2169.87","2128.24","615692000","637811600","682110550","676834125","625882733"
"20200302","1997.03","2017.07","1969.34","2002.51","2044.96","2108.14","2161.3","2171.04","2128.03","528103000","827790800","682558000","677230875","623121850"
"20200228","2020.17","2031.01","1980.82","1987.01","2060.26","2132.11","2167.12","2172.53","2127.72","671551000","911894200","697987800","676395225","620742517"
"20200227","2073.87","2085.4","2049.15","2054.89","2095.43","2157.76","2173.72","2174.21","2127.57","562775000","904678800","699935600","670016525","616771000"
"20200226","2064.07","2089.64","2059.13","2076.77","2123.55","2175.57","2178.38","2175.27","2126.85","810937000","934036400","701938750","668201325","612978533"
"20200225","2075.55","2105.49","2071.5","2103.61","2150.27","2191.73","2183.8","2176.12","2125.65","1565588000","890080000","696006900","662210625","605592850"
"20200224","2114.04","2120.06","2079.03","2079.04","2171.32","2203.68","2187.46","2176.42","2124.3","948620000","671047200","658171400","637320100","588376383"
"20200221","2165.65","2184.43","2160.28","2162.84","2203.95","2215.89","2195.81","2177.16","2123.01","635474000","572972600","636220800","626155450","579193983"
"20200220","2223.55","2228.18","2186.72","2195.5","2220.1","2220.8","2201.04","2176.14","2120.96","709563000","565322600","634872550","626435650","577266950"
"20200219","2222.51","2226","2191.2","2210.34","2227.59","2224.04","2203.24","2174.5","2118.9","591155000","551143200","637910350","624775150","575100133"
"20200218","2225.98","2232.93","2205.21","2208.88","2233.2","2219.57","2205.86","2173.08","2116.74","470424000","559404600","635627150","624773925","574931817"
"20200217","2243.07","2250.05","2230.26","2242.17","2236.04","2214.47","2207.94","2172.15","2114.7","458247000","570562000","641146750","628001675","580872833"
"20200214","2232.71","2251.5","2221.9","2243.59","2227.82","2202.14","2208.24","2170.79","2112.35","597224000","600825800","658650950","625971825","581389267"
"20200213","2245.72","2255.49","2230.3","2232.96","2221.5","2189.68","2207.61","2169.44","2109.82","638666000","641449400","666097550","624541900","580706300"
"20200212","2225.95","2242.24","2214.77","2238.38","2220.49","2181.19","2207.9","2167.87","2107.27","632462000","652759400","675959200","623191150","578747017"
"20200211","2213.5","2233.32","2211.25","2223.12","2205.94","2175.88","2207.45","2165.94","2104.77","526211000","641146000","668750500","624097875","579278733"
"20200210","2185.63","2203.39","2180.51","2201.07","2192.9","2171.24","2206.61","2164.57","2102.3","609566000","660832000","672166750","623444200","580682350"
"20200207","2221.49","2223.92","2198.14","2211.95","2176.46","2175.74","2205.88","2163.29","2100.14","800342000","706258600","671318600","618033200","580810667"
"20200206","2184.77","2229.99","2182.25","2227.94","2157.87","2181.27","2202.85","2162.04","2097.85","695216000","688291600","676993000","609029350","577040417"
"20200205","2177.26","2181.52","2154.88","2165.63","2141.88","2182.45","2200.23","2160.65","2095.29","574395000","669816000","670643950","603453650","572547850"
"20200204","2121.22","2162.32","2120.53","2157.9","2145.81","2192.15","2199.7","2160.29","2093.16","624641000","693397000","671557700","597768825","569809333"
"20200203","2086.61","2126.73","2082.74","2118.88","2149.58","2201.42","2200.63","2160.04","2091.16","836699000","730244400","671903750","593403775","566076033"
"","","","","257203000","","","","","","","","","",""
